"id","budburst","leafout","tx","chill","lo.ht","thick1","thick2","tough1","tough2","budset","shoots","roots","ht.final","chill1","chill2","species","dvr","tough","tough.date","tough.age","bset","budsetdoy","gslength","rgr_final","thick"
"ACESAC_14",38,48,0,1,29.6,0.095,0.132,0.32,0.34,NA,NA,NA,NA,0,0,"ACESAC",10,0.33,176,146.4,NA,NA,NA,NA,0.1135
"ACESAC_24",50,62,1,1,22.6,0.101,0.103,0.28,0.17,NA,NA,NA,NA,0,0,"ACESAC",12,0.225,176,153.4,NA,NA,NA,NA,0.102
"ACESAC_34",36,48,0,1,30.1,0.082,0.094,0.31,0.45,NA,NA,NA,NA,0,0,"ACESAC",12,0.38,176,145.9,NA,NA,NA,NA,0.088
"ACESAC_44",48,59,1,1,22.2,0.088,0.118,0.41,0.24,NA,NA,NA,NA,0,0,"ACESAC",11,0.325,176,153.8,NA,NA,NA,NA,0.103
"ACESAC_54",45,53,0,1,16.4,0.121,0.125,0.37,0.41,2019-09-10,NA,NA,17.9,0,0,"ACESAC",8,0.39,176,159.6,253,253,236.6,0.633981403212172,0.123
"ACESAC_64",53,69,1,1,22.1,0.097,0.105,0.4,0.22,NA,NA,NA,NA,0,0,"ACESAC",16,0.31,176,153.9,NA,NA,NA,NA,0.101
"ACESAC_74",53,69,0,1,22.5,0.11,0.133,0.35,0.34,NA,NA,NA,NA,0,0,"ACESAC",16,0.345,176,153.5,NA,NA,NA,NA,0.1215
"ACESAC_84",38,56,1,1,31.1,0.109,0.119,0.21,0.28,NA,NA,NA,NA,0,0,"ACESAC",18,0.245,176,144.9,NA,NA,NA,NA,0.114
"ACESAC_94",36,53,0,1,30,0.099,0.129,0.42,0.46,NA,NA,NA,NA,0,0,"ACESAC",17,0.44,176,146,NA,NA,NA,NA,0.114
"ACESAC_104",41,59,1,1,25.2,0.101,0.109,0.29,0.28,NA,NA,NA,NA,0,0,"ACESAC",18,0.285,176,150.8,NA,NA,NA,NA,0.105
"ACESAC_114",59,73,0,1,22.6,0.091,0.096,0.39,0.33,2019-07-30,NA,NA,NA,0,0,"ACESAC",14,0.36,176,153.4,211,211,188.4,NA,0.0935
"ACESAC_124",36,53,1,1,27.6,0.096,0.118,0.36,NA,NA,NA,NA,NA,0,0,"ACESAC",17,NA,176,148.4,NA,NA,NA,NA,0.107
"ACESAC_134",43,53,0,1,22.1,0.122,0.143,0.25,NA,NA,NA,NA,NA,0,0,"ACESAC",10,NA,176,153.9,NA,NA,NA,NA,0.1325
"ACESAC_144",38,50,1,1,33.3,0.1,0.083,0.14,0.35,NA,NA,NA,NA,0,0,"ACESAC",12,0.245,176,142.7,NA,NA,NA,NA,0.0915
"ACESAC_154",41,56,0,1,20.2,0.112,0.09,0.27,NA,NA,NA,NA,NA,0,0,"ACESAC",15,NA,176,155.8,NA,NA,NA,NA,0.101
"ACESAC_164",41,59,1,1,36.3,0.098,0.097,0.27,0.28,NA,NA,NA,NA,0,0,"ACESAC",18,0.275,176,139.7,NA,NA,NA,NA,0.0975
"ACESAC_16",40,56,0,2,22.1,0.09,0.082,0.3,0.52,NA,NA,NA,NA,1,0,"ACESAC",16,0.41,177,154.9,NA,NA,NA,NA,0.086
"ACESAC_26",56,67,1,2,27.9,0.114,0.102,0.37,0.37,NA,NA,NA,NA,1,0,"ACESAC",11,0.37,177,149.1,NA,NA,NA,NA,0.108
"ACESAC_36",35,46,0,2,34.3,0.106,0.105,0.42,0.44,NA,NA,NA,NA,1,0,"ACESAC",11,0.43,177,142.7,NA,NA,NA,NA,0.1055
"ACESAC_46",40,53,1,2,30.9,0.114,0.107,0.35,0.35,2019-07-30,NA,NA,33.9,1,0,"ACESAC",13,0.35,177,146.1,211,211,180.1,1.66574125485841,0.1105
"ACESAC_56",43,56,0,2,30.9,0.098,0.08,0.38,0.24,NA,NA,NA,NA,1,0,"ACESAC",13,0.31,177,146.1,NA,NA,NA,NA,0.089
"ACESAC_66",40,51,1,2,21,0.102,0.105,0.51,0.5,NA,NA,NA,NA,1,0,"ACESAC",11,0.505,177,156,NA,NA,NA,NA,0.1035
"ACESAC_76",32,49,0,2,17.8,0.107,0.099,0.31,0.33,NA,NA,NA,NA,1,0,"ACESAC",17,0.32,177,159.2,NA,NA,NA,NA,0.103
"ACESAC_86",49,63,1,2,29.5,0.095,0.092,0.16,0.22,NA,NA,NA,NA,1,0,"ACESAC",14,0.19,177,147.5,NA,NA,NA,NA,0.0935
"ACESAC_96",51,58,0,2,27.4,0.092,0.169,0.32,0.17,NA,NA,NA,NA,1,0,"ACESAC",7,0.245,177,149.6,NA,NA,NA,NA,0.1305
"ACESAC_106",40,49,1,2,24.7,0.107,0.127,0.14,NA,NA,NA,NA,NA,1,0,"ACESAC",9,NA,177,152.3,NA,NA,NA,NA,0.117
"ACESAC_116",40,56,0,2,27.7,0.087,0.096,0.45,0.23,NA,NA,NA,NA,1,0,"ACESAC",16,0.34,177,149.3,NA,NA,NA,NA,0.0915
"ACESAC_126",43,60,1,2,27.7,0.088,0.086,0.36,0.33,NA,NA,NA,NA,1,0,"ACESAC",17,0.345,177,149.3,NA,NA,NA,NA,0.087
"ACESAC_136",63,70,0,2,19.1,0.097,0.103,0.15,0.26,NA,NA,NA,NA,1,0,"ACESAC",7,0.205,177,157.9,NA,NA,NA,NA,0.1
"ACESAC_146",43,56,1,2,35.2,0.096,0.089,0.3,0.28,2019-08-21,NA,NA,32.5,1,0,"ACESAC",13,0.29,177,141.8,233,233,197.8,-1.36501516683519,0.0925
"ACESAC_156",28,43,0,2,30.2,0.093,0.138,0.37,0.58,NA,NA,NA,NA,1,0,"ACESAC",15,0.475,177,146.8,NA,NA,NA,NA,0.1155
"ACESAC_166",32,46,1,2,21.4,0.084,0.085,0.3,0.22,NA,NA,NA,NA,1,0,"ACESAC",14,0.26,177,155.6,NA,NA,NA,NA,0.0845
"ACESAC_18",32,44,0,3,23.7,0.098,0.095,0.39,0.6,NA,NA,NA,NA,0,1,"ACESAC",12,0.495,163,139.3,NA,NA,NA,NA,0.0965
"ACESAC_28",39,49,1,3,29.4,0.098,0.105,0.46,0.34,NA,NA,NA,NA,0,1,"ACESAC",10,0.4,163,133.6,NA,NA,NA,NA,0.1015
"ACESAC_38",29,42,0,3,28.8,0.093,0.125,0.4,0.58,NA,NA,NA,NA,0,1,"ACESAC",13,0.49,163,134.2,NA,NA,NA,NA,0.109
"ACESAC_48",35,49,1,3,16.8,0.09,0.118,0.29,0.34,NA,NA,NA,NA,0,1,"ACESAC",14,0.315,163,146.2,NA,NA,NA,NA,0.104
"ACESAC_58",49,56,0,3,28.8,0.098,0.129,0.2,0.32,NA,NA,NA,NA,0,1,"ACESAC",7,0.26,163,134.2,NA,NA,NA,NA,0.1135
"ACESAC_68",29,44,1,3,34.8,0.101,0.105,0.27,0.34,NA,NA,NA,NA,0,1,"ACESAC",15,0.305,163,128.2,NA,NA,NA,NA,0.103
"ACESAC_78",44,53,0,3,20.8,0.104,0.109,0.36,0.19,NA,NA,NA,NA,0,1,"ACESAC",9,0.275,163,142.2,NA,NA,NA,NA,0.1065
"ACESAC_88",29,44,1,3,23.8,0.108,0.105,0.28,0.21,NA,NA,NA,NA,0,1,"ACESAC",15,0.245,163,139.2,NA,NA,NA,NA,0.1065
"ACESAC_98",46,53,0,3,20.1,0.089,0.094,0.22,0.29,NA,NA,NA,NA,0,1,"ACESAC",7,0.255,163,142.9,NA,NA,NA,NA,0.0915
"ACESAC_108",35,49,1,3,33.5,0.095,0.094,0.36,0.33,NA,NA,NA,NA,0,1,"ACESAC",14,0.345,163,129.5,NA,NA,NA,NA,0.0945
"ACESAC_118",32,44,0,3,27,0.1,0.122,0.34,0.44,NA,NA,NA,NA,0,1,"ACESAC",12,0.39,163,136,NA,NA,NA,NA,0.111
"ACESAC_128",42,50,1,3,28.8,0.122,0.117,0.36,0.47,NA,NA,NA,NA,0,1,"ACESAC",8,0.415,163,134.2,NA,NA,NA,NA,0.1195
"ACESAC_138",32,42,0,3,33,0.097,0.099,0.33,0.31,NA,NA,NA,NA,0,1,"ACESAC",10,0.32,163,130,NA,NA,NA,NA,0.098
"ACESAC_148",29,56,1,3,31.1,0.097,0.093,0.43,0.46,NA,NA,NA,NA,0,1,"ACESAC",27,0.445,163,131.9,NA,NA,NA,NA,0.095
"ACESAC_158",39,60,0,3,19,0.103,0.093,0.29,0.32,NA,NA,NA,NA,0,1,"ACESAC",21,0.305,163,144,NA,NA,NA,NA,0.098
"ACESAC_168",39,53,1,3,24.3,0.09,0.094,0.22,0.31,NA,NA,NA,NA,0,1,"ACESAC",14,0.265,163,138.7,NA,NA,NA,NA,0.092
"ALNRUG_14",29,43,0,1,30,0.162,0.119,0.36,0.35,NA,NA,NA,NA,0,0,"ALNRUG",14,0.355,176,146,NA,NA,NA,NA,0.1405
"ALNRUG_24",29,50,1,1,31.8,0.186,0.172,0.39,0.35,NA,NA,NA,NA,0,0,"ALNRUG",21,0.37,176,144.2,NA,NA,NA,NA,0.179
"ALNRUG_34",29,48,0,1,20.2,0.095,0.085,0.33,0.31,NA,NA,NA,NA,0,0,"ALNRUG",19,0.32,176,155.8,NA,NA,NA,NA,0.09
"ALNRUG_44",24,45,1,1,29.4,0.085,0.084,0.53,0.34,NA,NA,NA,NA,0,0,"ALNRUG",21,0.435,176,146.6,NA,NA,NA,NA,0.0845
"ALNRUG_54",24,50,0,1,32.6,0.151,0.161,0.41,0.4,NA,NA,NA,NA,0,0,"ALNRUG",26,0.405,176,143.4,NA,NA,NA,NA,0.156
"ALNRUG_64",24,50,1,1,32.2,0.193,0.119,0.57,0.41,NA,NA,NA,NA,0,0,"ALNRUG",26,0.49,176,143.8,NA,NA,NA,NA,0.156
"ALNRUG_74",22,45,0,1,33.3,0.143,0.218,0.28,0.35,NA,NA,NA,NA,0,0,"ALNRUG",23,0.315,176,142.7,NA,NA,NA,NA,0.1805
"ALNRUG_84",29,48,1,1,35.2,0.14,0.153,0.38,0.44,NA,NA,NA,NA,0,0,"ALNRUG",19,0.41,176,140.8,NA,NA,NA,NA,0.1465
"ALNRUG_94",27,45,0,1,28.9,0.242,0.168,0.35,0.36,NA,NA,NA,NA,0,0,"ALNRUG",18,0.355,176,147.1,NA,NA,NA,NA,0.205
"ALNRUG_104",41,64,1,1,36.8,0.105,0.118,0.32,0.38,NA,NA,NA,NA,0,0,"ALNRUG",23,0.35,176,139.2,NA,NA,NA,NA,0.1115
"ALNRUG_114",20,43,0,1,52.4,0.122,0.155,0.38,0.43,NA,NA,NA,NA,0,0,"ALNRUG",23,0.405,176,123.6,NA,NA,NA,NA,0.1385
"ALNRUG_124",NA,NA,1,1,NA,NA,NA,NA,NA,NA,NA,NA,NA,0,0,"ALNRUG",NA,NA,176,NA,NA,NA,NA,NA,NA
"ALNRUG_134",20,45,0,1,26.2,0.256,0.313,0.68,0.34,NA,NA,NA,NA,0,0,"ALNRUG",25,0.51,176,149.8,NA,NA,NA,NA,0.2845
"ALNRUG_144",22,45,1,1,32.2,0.156,0.17,0.4,0.41,NA,NA,NA,NA,0,0,"ALNRUG",23,0.405,176,143.8,NA,NA,NA,NA,0.163
"ALNRUG_154",22,43,0,1,21.6,0.188,0.169,0.3,0.39,NA,NA,NA,NA,0,0,"ALNRUG",21,0.345,176,154.4,NA,NA,NA,NA,0.1785
"ALNRUG_164",14,48,1,1,31.6,0.122,0.14,0.29,0.17,NA,NA,NA,NA,0,0,"ALNRUG",34,0.23,176,144.4,NA,NA,NA,NA,0.131
"ALNRUG_16",35,56,0,2,46.5,0.158,0.182,0.33,0.39,NA,NA,NA,NA,1,0,"ALNRUG",21,0.36,177,130.5,NA,NA,NA,NA,0.17
"ALNRUG_26",23,53,1,2,17.1,0.141,0.14,0.3,0.26,NA,NA,NA,NA,1,0,"ALNRUG",30,0.28,177,159.9,NA,NA,NA,NA,0.1405
"ALNRUG_36",21,40,0,2,36.4,0.241,0.205,0.36,0.17,NA,NA,NA,NA,1,0,"ALNRUG",19,0.265,177,140.6,NA,NA,NA,NA,0.223
"ALNRUG_46",30,46,1,2,28.7,0.158,0.157,0.34,0.3,NA,NA,NA,NA,1,0,"ALNRUG",16,0.32,177,148.3,NA,NA,NA,NA,0.1575
"ALNRUG_56",21,37,0,2,36.6,0.142,0.202,0.35,0.38,NA,NA,NA,NA,1,0,"ALNRUG",16,0.365,177,140.4,NA,NA,NA,NA,0.172
"ALNRUG_66",21,51,1,2,32.2,0.136,0.152,0.29,0.21,NA,NA,NA,NA,1,0,"ALNRUG",30,0.25,177,144.8,NA,NA,NA,NA,0.144
"ALNRUG_76",NA,NA,0,2,NA,NA,NA,NA,NA,NA,NA,NA,NA,1,0,"ALNRUG",NA,NA,177,NA,NA,NA,NA,NA,NA
"ALNRUG_86",25,43,1,2,25.4,0.133,0.144,0.24,0.25,NA,NA,NA,NA,1,0,"ALNRUG",18,0.245,177,151.6,NA,NA,NA,NA,0.1385
"ALNRUG_96",21,40,0,2,33.8,0.113,0.165,0.45,0.39,NA,NA,NA,NA,1,0,"ALNRUG",19,0.42,177,143.2,NA,NA,NA,NA,0.139
"ALNRUG_106",40,60,1,2,27,0.127,0.179,0.21,0.37,NA,NA,NA,NA,1,0,"ALNRUG",20,0.29,177,150,NA,NA,NA,NA,0.153
"ALNRUG_116",21,40,0,2,27,0.115,0.129,0.26,0.29,NA,NA,NA,NA,1,0,"ALNRUG",19,0.275,177,150,NA,NA,NA,NA,0.122
"ALNRUG_126",28,51,1,2,28.6,0.155,0.152,0.29,0.32,NA,NA,NA,NA,1,0,"ALNRUG",23,0.305,177,148.4,NA,NA,NA,NA,0.1535
"ALNRUG_136",21,40,0,2,20,0.13,0.26,0.21,0.25,NA,NA,NA,NA,1,0,"ALNRUG",19,0.23,177,157,NA,NA,NA,NA,0.195
"ALNRUG_146",21,43,1,2,25.4,0.147,0.153,0.35,0.26,NA,NA,NA,NA,1,0,"ALNRUG",22,0.305,177,151.6,NA,NA,NA,NA,0.15
"ALNRUG_156",25,43,0,2,30.4,0.13,0.145,0.26,0.25,NA,NA,NA,NA,1,0,"ALNRUG",18,0.255,177,146.6,NA,NA,NA,NA,0.1375
"ALNRUG_166",21,43,1,2,25.5,0.127,0.156,0.31,0.27,NA,NA,NA,NA,1,0,"ALNRUG",22,0.29,177,151.5,NA,NA,NA,NA,0.1415
"ALNRUG_18",46,NA,0,3,NA,NA,NA,NA,NA,NA,NA,NA,NA,0,1,"ALNRUG",NA,NA,163,NA,NA,NA,NA,NA,NA
"ALNRUG_28",21,39,1,3,29,0.135,0.136,0.29,0.33,NA,NA,NA,NA,0,1,"ALNRUG",18,0.31,163,134,NA,NA,NA,NA,0.1355
"ALNRUG_38",16,32,0,3,25.4,0.123,0.137,0.22,0.29,NA,NA,NA,NA,0,1,"ALNRUG",16,0.255,163,137.6,NA,NA,NA,NA,0.13
"ALNRUG_48",16,53,1,3,22,0.142,0.127,0.22,0.26,NA,NA,NA,NA,0,1,"ALNRUG",37,0.24,163,141,NA,NA,NA,NA,0.1345
"ALNRUG_58",18,32,0,3,35.4,0.135,0.14,0.31,0.28,NA,NA,NA,NA,0,1,"ALNRUG",14,0.295,163,127.6,NA,NA,NA,NA,0.1375
"ALNRUG_68",NA,NA,1,3,NA,NA,NA,NA,NA,NA,NA,NA,NA,0,1,"ALNRUG",NA,NA,163,NA,NA,NA,NA,NA,NA
"ALNRUG_78",NA,NA,0,3,NA,NA,NA,NA,NA,NA,NA,NA,NA,0,1,"ALNRUG",NA,NA,163,NA,NA,NA,NA,NA,NA
"ALNRUG_88",23,37,1,3,31.3,0.121,0.126,0.37,0.28,NA,NA,NA,NA,0,1,"ALNRUG",14,0.325,163,131.7,NA,NA,NA,NA,0.1235
"ALNRUG_98",18,35,0,3,29.1,0.146,0.155,0.3,0.37,NA,NA,NA,NA,0,1,"ALNRUG",17,0.335,163,133.9,NA,NA,NA,NA,0.1505
"ALNRUG_108",21,35,1,3,20.2,0.113,0.134,0.34,0.21,NA,NA,NA,NA,0,1,"ALNRUG",14,0.275,163,142.8,NA,NA,NA,NA,0.1235
"ALNRUG_118",26,39,0,3,27.3,0.104,0.153,0.35,0.36,NA,NA,NA,NA,0,1,"ALNRUG",13,0.355,163,135.7,NA,NA,NA,NA,0.1285
"ALNRUG_128",21,42,1,3,25.5,0.136,0.127,0.24,0.3,NA,NA,NA,NA,0,1,"ALNRUG",21,0.27,163,137.5,NA,NA,NA,NA,0.1315
"ALNRUG_138",16,35,0,3,27,0.115,0.138,0.23,0.19,NA,NA,NA,NA,0,1,"ALNRUG",19,0.21,163,136,NA,NA,NA,NA,0.1265
"ALNRUG_148",18,42,1,3,28.3,0.107,0.124,0.29,0.24,NA,NA,NA,NA,0,1,"ALNRUG",24,0.265,163,134.7,NA,NA,NA,NA,0.1155
"ALNRUG_158",21,39,0,3,33.1,0.124,0.197,0.35,0.28,NA,NA,NA,NA,0,1,"ALNRUG",18,0.315,163,129.9,NA,NA,NA,NA,0.1605
"ALNRUG_168",26,42,1,3,23.4,0.161,0.152,0.4,0.4,NA,NA,NA,NA,0,1,"ALNRUG",16,0.4,163,139.6,NA,NA,NA,NA,0.1565
"BETPAP_14",24,43,0,1,40.2,0.169,0.184,0.31,0.3,2019-08-30,NA,NA,42.1,0,0,"BETPAP",19,0.305,176,135.8,242,242,201.8,0.941526263627353,0.1765
"BETPAP_24",13,31,1,1,33.9,0.158,0.208,0.2,0.3,NA,NA,NA,NA,0,0,"BETPAP",18,0.25,176,142.1,NA,NA,NA,NA,0.183
"BETPAP_34",13,27,0,1,34.4,0.159,0.148,0.31,0.3,NA,NA,NA,NA,0,0,"BETPAP",14,0.305,176,141.6,NA,NA,NA,NA,0.1535
"BETPAP_44",10,34,1,1,32.8,0.158,0.17,0.21,0.21,NA,NA,NA,NA,0,0,"BETPAP",24,0.21,176,143.2,NA,NA,NA,NA,0.164
"BETPAP_54",13,27,0,1,36.1,0.182,0.179,0.28,0.29,2019-08-30,NA,NA,48.8,0,0,"BETPAP",14,0.285,176,139.9,242,242,205.9,6.16804273919378,0.1805
"BETPAP_64",13,43,1,1,39.4,0.169,0.181,0.36,0.32,NA,NA,NA,NA,0,0,"BETPAP",30,0.34,176,136.6,NA,NA,NA,NA,0.175
"BETPAP_74",13,27,0,1,34.1,0.141,0.211,0.35,0.31,NA,NA,NA,NA,0,0,"BETPAP",14,0.33,176,141.9,NA,NA,NA,NA,0.176
"BETPAP_84",13,27,1,1,41.2,0.168,0.196,0.46,0.28,2019-08-30,NA,NA,NA,0,0,"BETPAP",14,0.37,176,134.8,242,242,200.8,NA,0.182
"BETPAP_94",17,34,0,1,41.4,0.164,0.21,0.43,0.33,NA,NA,NA,NA,0,0,"BETPAP",17,0.38,176,134.6,NA,NA,NA,NA,0.187
"BETPAP_104",14,36,1,1,31.2,0.154,0.169,0.44,0.33,NA,NA,NA,NA,0,0,"BETPAP",22,0.385,176,144.8,NA,NA,NA,NA,0.1615
"BETPAP_114",13,27,0,1,35.2,0.156,0.186,0.28,0.3,NA,NA,NA,NA,0,0,"BETPAP",14,0.29,176,140.8,NA,NA,NA,NA,0.171
"BETPAP_124",22,36,1,1,28.1,0.154,0.162,0.32,0.26,NA,NA,NA,NA,0,0,"BETPAP",14,0.29,176,147.9,NA,NA,NA,NA,0.158
"BETPAP_134",13,31,0,1,30.6,0.17,0.139,0.31,0.31,NA,NA,NA,NA,0,0,"BETPAP",18,0.31,176,145.4,NA,NA,NA,NA,0.1545
"BETPAP_144",10,34,1,1,43.9,0.164,0.202,0.24,0.29,NA,NA,NA,NA,0,0,"BETPAP",24,0.265,176,132.1,NA,NA,NA,NA,0.183
"BETPAP_154",15,34,0,1,33.2,0.176,0.18,0.18,0.28,NA,NA,NA,NA,0,0,"BETPAP",19,0.23,176,142.8,NA,NA,NA,NA,0.178
"BETPAP_164",14,36,1,1,39,0.162,0.158,0.29,0.2,NA,NA,NA,NA,0,0,"BETPAP",22,0.245,176,137,NA,NA,NA,NA,0.16
"BETPAP_16",16,35,0,2,28.4,0.13,0.153,0.31,0.23,NA,NA,NA,NA,1,0,"BETPAP",19,0.27,177,148.6,NA,NA,NA,NA,0.1415
"BETPAP_26",16,43,1,2,26.2,0.157,0.28,0.16,0.19,NA,NA,NA,NA,1,0,"BETPAP",27,0.175,177,150.8,NA,NA,NA,NA,0.2185
"BETPAP_36",14,30,0,2,36.4,0.177,0.18,0.22,0.22,NA,NA,NA,NA,1,0,"BETPAP",16,0.22,177,140.6,NA,NA,NA,NA,0.1785
"BETPAP_46",21,43,1,2,38.6,0.18,0.227,0.2,0.27,NA,NA,NA,NA,1,0,"BETPAP",22,0.235,177,138.4,NA,NA,NA,NA,0.2035
"BETPAP_56",14,40,0,2,45.2,0.17,0.177,0.31,0.18,2019-08-21,NA,NA,47.3,1,0,"BETPAP",26,0.245,177,131.8,233,233,187.8,1.11821086261981,0.1735
"BETPAP_66",16,37,1,2,39,0.152,0.165,0.27,0.27,NA,NA,NA,NA,1,0,"BETPAP",21,0.27,177,138,NA,NA,NA,NA,0.1585
"BETPAP_76",11,32,0,2,27.8,0.154,0.227,0.41,0.33,NA,NA,NA,NA,1,0,"BETPAP",21,0.37,177,149.2,NA,NA,NA,NA,0.1905
"BETPAP_86",14,35,1,2,29.2,0.15,0.159,0.24,0.27,2019-08-30,NA,NA,36.7,1,0,"BETPAP",21,0.255,177,147.8,242,242,212.8,3.52443609022557,0.1545
"BETPAP_96",9,28,0,2,45.8,0.165,0.18,0.36,0.24,NA,NA,NA,NA,1,0,"BETPAP",19,0.3,177,131.2,NA,NA,NA,NA,0.1725
"BETPAP_106",18,43,1,2,47.7,0.144,0.172,0.18,0.28,2019-08-30,NA,NA,NA,1,0,"BETPAP",25,0.23,177,129.3,242,242,194.3,NA,0.158
"BETPAP_116",7,25,0,2,35,0.194,0.21,0.24,0.29,NA,NA,NA,NA,1,0,"BETPAP",18,0.265,177,142,NA,NA,NA,NA,0.202
"BETPAP_126",14,30,1,2,35,0.148,0.169,0.24,0.23,NA,NA,NA,NA,1,0,"BETPAP",16,0.235,177,142,NA,NA,NA,NA,0.1585
"BETPAP_136",14,25,0,2,38.7,0.213,0.257,0.16,0.21,NA,NA,NA,NA,1,0,"BETPAP",11,0.185,177,138.3,NA,NA,NA,NA,0.235
"BETPAP_146",21,40,1,2,40.4,0.151,0.183,0.12,0.15,NA,NA,NA,NA,1,0,"BETPAP",19,0.135,177,136.6,NA,NA,NA,NA,0.167
"BETPAP_156",14,30,0,2,38.7,0.153,0.17,0.24,0.31,NA,NA,NA,NA,1,0,"BETPAP",16,0.275,177,138.3,NA,NA,NA,NA,0.1615
"BETPAP_166",14,32,1,2,47.1,0.19,0.194,0.2,0.29,NA,NA,NA,NA,1,0,"BETPAP",18,0.245,177,129.9,NA,NA,NA,NA,0.192
"BETPAP_18",14,26,0,3,38.6,0.136,0.133,0.22,0.33,NA,NA,NA,NA,0,1,"BETPAP",12,0.275,163,124.4,NA,NA,NA,NA,0.1345
"BETPAP_28",14,32,1,3,33.5,0.166,0.169,0.28,0.12,NA,NA,NA,NA,0,1,"BETPAP",18,0.2,163,129.5,NA,NA,NA,NA,0.1675
"BETPAP_38",11,26,0,3,36.2,0.149,0.199,0.33,0.34,NA,NA,NA,NA,0,1,"BETPAP",15,0.335,163,126.8,NA,NA,NA,NA,0.174
"BETPAP_48",16,37,1,3,40.1,0.18,0.159,0.28,0.31,NA,NA,NA,NA,0,1,"BETPAP",21,0.295,163,122.9,NA,NA,NA,NA,0.1695
"BETPAP_58",11,26,0,3,45.7,0.151,0.207,0.42,0.33,2019-08-30,NA,NA,NA,0,1,"BETPAP",15,0.375,163,117.3,242,221,175.3,NA,0.179
"BETPAP_68",21,35,1,3,37.2,0.124,0.172,0.16,0.2,NA,NA,NA,NA,0,1,"BETPAP",14,0.18,163,125.8,NA,NA,NA,NA,0.148
"BETPAP_78",26,37,0,3,46.6,0.13,0.146,0.14,0.18,NA,NA,NA,NA,0,1,"BETPAP",11,0.16,163,116.4,NA,NA,NA,NA,0.138
"BETPAP_88",7,29,1,3,33,0.139,0.123,0.29,0.24,NA,NA,NA,NA,0,1,"BETPAP",22,0.265,163,130,NA,NA,NA,NA,0.131
"BETPAP_98",7,23,0,3,28.4,0.146,0.135,0.35,0.22,NA,NA,NA,NA,0,1,"BETPAP",16,0.285,163,134.6,NA,NA,NA,NA,0.1405
"BETPAP_108",16,32,1,3,45.6,0.181,0.159,0.19,0.19,2019-08-21,NA,NA,NA,0,1,"BETPAP",16,0.19,163,117.4,233,212,166.4,NA,0.17
"BETPAP_118",16,32,0,3,30.8,0.146,0.12,0.23,0.18,NA,NA,NA,NA,0,1,"BETPAP",16,0.205,163,132.2,NA,NA,NA,NA,0.133
"BETPAP_128",7,26,1,3,36,0.143,0.13,0.22,0.22,NA,NA,NA,NA,0,1,"BETPAP",19,0.22,163,127,NA,NA,NA,NA,0.1365
"BETPAP_138",14,26,0,3,38.4,0.166,0.147,0.2,0.12,NA,NA,NA,NA,0,1,"BETPAP",12,0.16,163,124.6,NA,NA,NA,NA,0.1565
"BETPAP_148",14,44,1,3,31.4,0.13,0.152,0.21,0.12,NA,NA,NA,NA,0,1,"BETPAP",30,0.165,163,131.6,NA,NA,NA,NA,0.141
"BETPAP_158",9,23,0,3,25.8,0.198,0.25,0.15,0.14,NA,NA,NA,NA,0,1,"BETPAP",14,0.145,163,137.2,NA,NA,NA,NA,0.224
"BETPAP_168",16,32,1,3,39.7,0.167,0.173,0.13,0.18,NA,NA,NA,NA,0,1,"BETPAP",16,0.155,163,123.3,NA,NA,NA,NA,0.17
"BETPOP_14",15,34,0,1,56.2,0.147,0.18,0.22,0.3,NA,NA,NA,NA,0,0,"BETPOP",19,0.26,176,119.8,NA,NA,NA,NA,0.1635
"BETPOP_24",22,41,1,1,56.4,0.149,0.154,0.18,0.2,NA,NA,NA,NA,0,0,"BETPOP",19,0.19,176,119.6,NA,NA,NA,NA,0.1515
"BETPOP_34",15,36,0,1,60.5,0.147,0.15,0.34,0.36,NA,NA,NA,NA,0,0,"BETPOP",21,0.35,176,115.5,NA,NA,NA,NA,0.1485
"BETPOP_44",22,38,1,1,56.5,0.122,0.138,0.33,0.25,NA,NA,NA,NA,0,0,"BETPOP",16,0.29,176,119.5,NA,NA,NA,NA,0.13
"BETPOP_54",22,38,0,1,53.8,0.158,0.154,0.25,0.49,NA,NA,NA,NA,0,0,"BETPOP",16,0.37,176,122.2,NA,NA,NA,NA,0.156
"BETPOP_64",20,38,1,1,49.4,0.16,0.155,0.17,0.17,NA,NA,NA,NA,0,0,"BETPOP",18,0.17,176,126.6,NA,NA,NA,NA,0.1575
"BETPOP_74",20,31,0,1,39.4,0.12,0.134,0.18,0.31,NA,NA,NA,NA,0,0,"BETPOP",11,0.245,176,136.6,NA,NA,NA,NA,0.127
"BETPOP_84",27,41,1,1,45.1,0.173,0.134,0.19,0.35,NA,NA,NA,NA,0,0,"BETPOP",14,0.27,176,130.9,NA,NA,NA,NA,0.1535
"BETPOP_94",17,41,0,1,46.2,0.144,0.157,0.59,0.39,NA,NA,NA,NA,0,0,"BETPOP",24,0.49,176,129.8,NA,NA,NA,NA,0.1505
"BETPOP_104",24,41,1,1,44.8,0.156,0.138,0.36,0.3,NA,NA,NA,NA,0,0,"BETPOP",17,0.33,176,131.2,NA,NA,NA,NA,0.147
"BETPOP_114",20,38,0,1,55.7,0.137,0.146,0.21,0.39,NA,NA,NA,NA,0,0,"BETPOP",18,0.3,176,120.3,NA,NA,NA,NA,0.1415
"BETPOP_124",17,38,1,1,37.1,0.175,0.124,0.22,0.28,NA,NA,NA,NA,0,0,"BETPOP",21,0.25,176,138.9,NA,NA,NA,NA,0.1495
"BETPOP_134",20,34,0,1,52.8,0.169,0.197,0.36,0.3,NA,NA,NA,NA,0,0,"BETPOP",14,0.33,176,123.2,NA,NA,NA,NA,0.183
"BETPOP_144",17,38,1,1,43.8,0.157,0.126,0.36,0.37,NA,NA,NA,NA,0,0,"BETPOP",21,0.365,176,132.2,NA,NA,NA,NA,0.1415
"BETPOP_154",15,34,0,1,51.7,0.153,0.166,0.34,0.49,NA,NA,NA,NA,0,0,"BETPOP",19,0.415,176,124.3,NA,NA,NA,NA,0.1595
"BETPOP_164",24,41,1,1,47,0.157,0.135,0.32,0.4,NA,NA,NA,NA,0,0,"BETPOP",17,0.36,176,129,NA,NA,NA,NA,0.146
"BETPOP_16",14,32,0,2,50.2,0.139,0.229,0.2,0.21,NA,NA,NA,NA,1,0,"BETPOP",18,0.205,177,126.8,NA,NA,NA,NA,0.184
"BETPOP_26",23,37,1,2,48.8,0.165,0.132,0.26,0.23,NA,NA,NA,NA,1,0,"BETPOP",14,0.245,177,128.2,NA,NA,NA,NA,0.1485
"BETPOP_36",16,32,0,2,36,0.151,0.16,0.28,0.36,NA,NA,NA,NA,1,0,"BETPOP",16,0.32,177,141,NA,NA,NA,NA,0.1555
"BETPOP_46",18,40,1,2,51.4,0.169,0.149,0.5,0.38,NA,NA,NA,NA,1,0,"BETPOP",22,0.44,177,125.6,NA,NA,NA,NA,0.159
"BETPOP_56",14,30,0,2,36.2,0.157,0.149,0.28,0.32,NA,NA,NA,NA,1,0,"BETPOP",16,0.3,177,140.8,NA,NA,NA,NA,0.153
"BETPOP_66",23,37,1,2,54.8,0.131,0.161,0.2,0.27,NA,NA,NA,NA,1,0,"BETPOP",14,0.235,177,122.2,NA,NA,NA,NA,0.146
"BETPOP_76",18,35,0,2,59.1,0.141,0.188,0.2,0.26,NA,NA,NA,NA,1,0,"BETPOP",17,0.23,177,117.9,NA,NA,NA,NA,0.1645
"BETPOP_86",14,32,1,2,46,0.135,0.145,0.25,0.17,NA,NA,NA,NA,1,0,"BETPOP",18,0.21,177,131,NA,NA,NA,NA,0.14
"BETPOP_96",18,32,0,2,51.3,0.153,0.181,0.36,0.37,NA,NA,NA,NA,1,0,"BETPOP",14,0.365,177,125.7,NA,NA,NA,NA,0.167
"BETPOP_106",16,32,1,2,34.2,0.134,0.143,0.28,0.21,NA,NA,NA,NA,1,0,"BETPOP",16,0.245,177,142.8,NA,NA,NA,NA,0.1385
"BETPOP_116",16,32,0,2,43.6,0.145,0.143,0.16,0.18,NA,NA,NA,NA,1,0,"BETPOP",16,0.17,177,133.4,NA,NA,NA,NA,0.144
"BETPOP_126",25,40,1,2,50,0.153,0.12,0.2,0.3,NA,NA,NA,NA,1,0,"BETPOP",15,0.25,177,127,NA,NA,NA,NA,0.1365
"BETPOP_136",18,32,0,2,46.2,0.123,0.15,0.2,0.21,NA,NA,NA,NA,1,0,"BETPOP",14,0.205,177,130.8,NA,NA,NA,NA,0.1365
"BETPOP_146",18,32,1,2,47.4,0.15,0.135,0.17,0.3,NA,NA,NA,NA,1,0,"BETPOP",14,0.235,177,129.6,NA,NA,NA,NA,0.1425
"BETPOP_156",16,32,0,2,56.8,0.154,0.172,0.18,0.25,NA,NA,NA,NA,1,0,"BETPOP",16,0.215,177,120.2,NA,NA,NA,NA,0.163
"BETPOP_166",25,37,1,2,53.4,0.151,0.169,0.39,0.24,NA,NA,NA,NA,1,0,"BETPOP",12,0.315,177,123.6,NA,NA,NA,NA,0.16
"BETPOP_18",16,29,0,3,51.8,0.131,0.138,0.16,0.25,NA,NA,NA,NA,0,1,"BETPOP",13,0.205,163,111.2,NA,NA,NA,NA,0.1345
"BETPOP_28",18,32,1,3,54.1,0.112,0.116,0.18,0.33,NA,NA,NA,NA,0,1,"BETPOP",14,0.255,163,108.9,NA,NA,NA,NA,0.114
"BETPOP_38",21,32,0,3,46.6,0.11,0.133,0.19,0.19,NA,NA,NA,NA,0,1,"BETPOP",11,0.19,163,116.4,NA,NA,NA,NA,0.1215
"BETPOP_48",21,32,1,3,47.9,0.147,0.11,0.26,0.16,NA,NA,NA,NA,0,1,"BETPOP",11,0.21,163,115.1,NA,NA,NA,NA,0.1285
"BETPOP_58",16,29,0,3,41.4,0.147,0.125,0.18,0.21,NA,NA,NA,NA,0,1,"BETPOP",13,0.195,163,121.6,NA,NA,NA,NA,0.136
"BETPOP_68",18,32,1,3,53.4,0.085,0.118,0.33,0.18,NA,NA,NA,NA,0,1,"BETPOP",14,0.255,163,109.6,NA,NA,NA,NA,0.1015
"BETPOP_78",14,26,0,3,51.6,0.126,0.108,0.45,0.38,NA,NA,NA,NA,0,1,"BETPOP",12,0.415,163,111.4,NA,NA,NA,NA,0.117
"BETPOP_88",14,37,1,3,50.6,0.124,0.096,0.21,0.2,NA,NA,NA,NA,0,1,"BETPOP",23,0.205,163,112.4,NA,NA,NA,NA,0.11
"BETPOP_98",21,32,0,3,54.7,0.146,0.109,0.29,0.2,NA,NA,NA,NA,0,1,"BETPOP",11,0.245,163,108.3,NA,NA,NA,NA,0.1275
"BETPOP_108",16,32,1,3,55.2,0.114,0.09,0.25,0.12,NA,NA,NA,NA,0,1,"BETPOP",16,0.185,163,107.8,NA,NA,NA,NA,0.102
"BETPOP_118",14,26,0,3,49.8,0.079,0.085,0.57,0.34,NA,NA,NA,NA,0,1,"BETPOP",12,0.455,163,113.2,NA,NA,NA,NA,0.082
"BETPOP_128",16,29,1,3,51.6,0.092,0.136,0.4,0.2,NA,NA,NA,NA,0,1,"BETPOP",13,0.3,163,111.4,NA,NA,NA,NA,0.114
"BETPOP_138",21,29,0,3,53.7,0.11,0.137,0.21,0.18,NA,NA,NA,NA,0,1,"BETPOP",8,0.195,163,109.3,NA,NA,NA,NA,0.1235
"BETPOP_148",16,29,1,3,46.3,0.13,0.133,0.2,0.19,NA,NA,NA,NA,0,1,"BETPOP",13,0.195,163,116.7,NA,NA,NA,NA,0.1315
"BETPOP_158",14,26,0,3,49,0.112,0.144,0.2,0.16,NA,NA,NA,NA,0,1,"BETPOP",12,0.18,163,114,NA,NA,NA,NA,0.128
"BETPOP_168",16,32,1,3,46.5,0.139,0.089,0.28,0.17,NA,NA,NA,NA,0,1,"BETPOP",16,0.225,163,116.5,NA,NA,NA,NA,0.114
"CORRAC_14",13,27,0,1,55.8,0.126,0.132,0.33,0.44,NA,NA,NA,NA,0,0,"CORRAC",14,0.385,176,120.2,NA,NA,NA,NA,0.129
"CORRAC_24",15,29,1,1,57.6,0.127,0.131,0.52,0.5,NA,NA,NA,NA,0,0,"CORRAC",14,0.51,176,118.4,NA,NA,NA,NA,0.129
"CORRAC_34",13,31,0,1,61.1,0.129,0.133,0.32,0.39,2019-09-06,NA,NA,63.8,0,0,"CORRAC",18,0.355,176,114.9,249,249,187.9,1.43693453964875,0.131
"CORRAC_44",29,45,1,1,31.8,0.099,0.117,0.59,0.6,NA,NA,NA,NA,0,0,"CORRAC",16,0.595,176,144.2,NA,NA,NA,NA,0.108
"CORRAC_54",13,24,0,1,34.2,0.119,0.155,0.54,0.42,NA,NA,NA,NA,0,0,"CORRAC",11,0.48,176,141.8,NA,NA,NA,NA,0.137
"CORRAC_64",17,41,1,1,54.4,0.118,0.178,0.38,0.43,2019-08-30,NA,NA,56.4,0,0,"CORRAC",24,0.405,176,121.6,242,242,187.6,1.06609808102345,0.148
"CORRAC_74",20,45,0,1,51.6,0.145,0.158,0.29,0.43,NA,NA,NA,NA,0,0,"CORRAC",25,0.36,176,124.4,NA,NA,NA,NA,0.1515
"CORRAC_84",29,43,1,1,51.8,0.126,0.137,0.42,0.38,2019-09-06,NA,NA,91.7,0,0,"CORRAC",14,0.4,176,124.2,249,249,197.2,20.2332657200811,0.1315
"CORRAC_94",17,36,0,1,54.1,0.11,0.136,0.41,0.46,NA,NA,NA,NA,0,0,"CORRAC",19,0.435,176,121.9,NA,NA,NA,NA,0.123
"CORRAC_104",14,36,1,1,49.2,0.094,0.122,0.27,0.41,NA,NA,NA,NA,0,0,"CORRAC",22,0.34,176,126.8,NA,NA,NA,NA,0.108
"CORRAC_114",20,41,0,1,51.3,0.113,0.131,0.37,0.28,NA,NA,NA,NA,0,0,"CORRAC",21,0.325,176,124.7,NA,NA,NA,NA,0.122
"CORRAC_124",8,27,1,1,58.2,0.09,0.136,0.35,0.37,2019-08-30,NA,NA,61.5,0,0,"CORRAC",19,0.36,176,117.8,242,242,183.8,1.79542981501632,0.113
"CORRAC_134",10,27,0,1,53.6,0.103,0.115,0.26,0.32,2019-08-30,NA,NA,61.2,0,0,"CORRAC",17,0.29,176,122.4,242,242,188.4,4.03397027600849,0.109
"CORRAC_144",10,31,1,1,60.8,0.121,0.171,0.23,0.11,2019-08-30,NA,NA,62.7,0,0,"CORRAC",21,0.17,176,115.2,242,242,181.2,1.04856512141281,0.146
"CORRAC_154",8,22,0,1,55.4,0.115,0.124,0.36,0.34,NA,NA,NA,NA,0,0,"CORRAC",14,0.35,176,120.6,NA,NA,NA,NA,0.1195
"CORRAC_164",13,29,1,1,58.4,0.094,0.119,0.26,0.28,2019-09-06,NA,NA,61,0,0,"CORRAC",16,0.27,176,117.6,249,249,190.6,1.36411332633788,0.1065
"CORRAC_16",14,32,0,2,48.4,0.173,0.195,0.27,0.22,2019-09-10,NA,NA,53,1,0,"CORRAC",18,0.245,177,128.6,253,253,204.6,2.24828934506354,0.184
"CORRAC_26",21,43,1,2,39.5,0.12,0.148,0.31,0.49,NA,NA,NA,NA,1,0,"CORRAC",22,0.4,177,137.5,NA,NA,NA,NA,0.134
"CORRAC_36",14,30,0,2,57.6,0.19,0.252,0.24,0.33,NA,NA,NA,NA,1,0,"CORRAC",16,0.285,177,119.4,NA,NA,NA,NA,0.221
"CORRAC_46",23,43,1,2,53.8,0.115,0.126,0.27,0.33,NA,NA,NA,NA,1,0,"CORRAC",20,0.3,177,123.2,NA,NA,NA,NA,0.1205
"CORRAC_56",25,40,0,2,39.6,0.175,0.171,0.24,0.34,NA,NA,NA,NA,1,0,"CORRAC",15,0.29,177,137.4,NA,NA,NA,NA,0.173
"CORRAC_66",14,30,1,2,39.1,0.181,0.151,0.26,0.25,2019-09-06,NA,NA,58.8,1,0,"CORRAC",16,0.255,177,137.9,249,249,209.9,9.38542162934731,0.166
"CORRAC_76",16,30,0,2,52,0.143,0.13,0.42,0.56,NA,NA,NA,NA,1,0,"CORRAC",14,0.49,177,125,NA,NA,NA,NA,0.1365
"CORRAC_86",21,37,1,2,48.2,0.144,0.168,0.24,0.29,2019-09-06,NA,NA,98.7,1,0,"CORRAC",16,0.265,177,128.8,249,249,200.8,25.1494023904382,0.156
"CORRAC_96",14,28,0,2,48.2,0.169,0.195,0.22,0.21,2019-09-06,NA,NA,51.2,1,0,"CORRAC",14,0.215,177,128.8,249,249,200.8,1.49402390438247,0.182
"CORRAC_106",21,43,1,2,51.2,0.16,0.162,0.24,0.25,2019-09-10,NA,NA,58.8,1,0,"CORRAC",22,0.245,177,125.8,253,253,201.8,3.76610505450941,0.161
"CORRAC_116",14,35,0,2,51.4,0.117,0.142,0.18,0.21,NA,NA,NA,NA,1,0,"CORRAC",21,0.195,177,125.6,NA,NA,NA,NA,0.1295
"CORRAC_126",11,28,1,2,43.6,0.142,0.171,0.38,0.38,2019-09-06,NA,NA,NA,1,0,"CORRAC",17,0.38,177,133.4,249,249,205.4,NA,0.1565
"CORRAC_136",7,21,0,2,50.2,0.166,0.165,0.31,0.33,NA,NA,NA,NA,1,0,"CORRAC",14,0.32,177,126.8,NA,NA,NA,NA,0.1655
"CORRAC_146",9,30,1,2,50.2,0.098,0.111,0.36,0.18,NA,NA,NA,NA,1,0,"CORRAC",21,0.27,177,126.8,NA,NA,NA,NA,0.1045
"CORRAC_156",14,32,0,2,45,0.12,0.15,0.1,0.23,NA,NA,NA,NA,1,0,"CORRAC",18,0.165,177,132,NA,NA,NA,NA,0.135
"CORRAC_166",11,28,1,2,34.2,0.108,0.147,0.48,0.44,NA,NA,NA,NA,1,0,"CORRAC",17,0.46,177,142.8,NA,NA,NA,NA,0.1275
"CORRAC_18",14,29,0,3,62.9,0.113,0.184,0.3,0.15,NA,NA,NA,NA,0,1,"CORRAC",15,0.225,163,100.1,NA,NA,NA,NA,0.1485
"CORRAC_28",9,37,1,3,49.5,0.082,0.129,0.41,0.32,2019-09-10,NA,NA,NA,0,1,"CORRAC",28,0.365,163,113.5,253,232,182.5,NA,0.1055
"CORRAC_38",18,29,0,3,41.6,0.094,0.122,0.53,0.42,NA,NA,NA,NA,0,1,"CORRAC",11,0.475,163,121.4,NA,NA,NA,NA,0.108
"CORRAC_48",18,32,1,3,50.3,0.105,0.171,0.13,0.35,NA,NA,NA,NA,0,1,"CORRAC",14,0.24,163,112.7,NA,NA,NA,NA,0.138
"CORRAC_58",26,37,0,3,49.6,0.097,0.118,0.22,0.18,NA,NA,NA,NA,0,1,"CORRAC",11,0.2,163,113.4,NA,NA,NA,NA,0.1075
"CORRAC_68",11,29,1,3,56,0.136,0.149,0.34,0.2,NA,NA,NA,NA,0,1,"CORRAC",18,0.27,163,107,NA,NA,NA,NA,0.1425
"CORRAC_78",7,21,0,3,36.2,0.141,0.175,0.36,0.31,2019-09-10,NA,NA,38.5,0,1,"CORRAC",14,0.335,163,126.8,253,232,195.8,1.17466802860061,0.158
"CORRAC_88",16,32,1,3,40.6,0.078,0.089,0.4,0.52,NA,NA,NA,NA,0,1,"CORRAC",16,0.46,163,122.4,NA,NA,NA,NA,0.0835
"CORRAC_98",23,32,0,3,55,0.095,0.102,0.41,0.37,NA,NA,NA,NA,0,1,"CORRAC",9,0.39,163,108,NA,NA,NA,NA,0.0985
"CORRAC_108",7,26,1,3,55.9,0.116,0.143,0.24,0.18,NA,NA,NA,NA,0,1,"CORRAC",19,0.21,163,107.1,NA,NA,NA,NA,0.1295
"CORRAC_118",7,21,0,3,53.4,0.113,0.139,0.34,0.31,2019-09-10,NA,NA,59.6,0,1,"CORRAC",14,0.325,163,109.6,253,232,178.6,3.47144456886898,0.126
"CORRAC_128",14,35,1,3,47.3,0.094,0.099,0.32,0.42,NA,NA,NA,NA,0,1,"CORRAC",21,0.37,163,115.7,NA,NA,NA,NA,0.0965
"CORRAC_138",9,26,0,3,60.4,0.099,0.121,0.32,0.17,NA,NA,NA,NA,0,1,"CORRAC",17,0.245,163,102.6,NA,NA,NA,NA,0.11
"CORRAC_148",14,32,1,3,55.6,0.087,0.101,0.36,0.49,2019-09-06,NA,NA,68.9,0,1,"CORRAC",18,0.425,163,107.4,249,228,172.4,7.71461716937355,0.094
"CORRAC_158",14,35,0,3,50.2,0.09,0.097,0.44,0.32,NA,NA,NA,NA,0,1,"CORRAC",21,0.38,163,112.8,NA,NA,NA,NA,0.0935
"CORRAC_168",7,29,1,3,58.6,0.096,0.158,0.44,0.14,2019-07-30,NA,NA,59.1,0,1,"CORRAC",22,0.29,163,104.4,211,190,131.4,0.380517503805175,0.127
"FAGGRA_14",NA,NA,0,1,NA,NA,NA,NA,NA,NA,NA,NA,NA,0,0,"FAGGRA",NA,NA,176,NA,NA,NA,NA,NA,NA
"FAGGRA_24",64,80,1,1,45,NA,NA,NA,NA,NA,NA,NA,NA,0,0,"FAGGRA",16,NA,176,131,NA,NA,NA,NA,NA
"FAGGRA_34",62,71,0,1,40.2,NA,NA,NA,NA,NA,NA,NA,NA,0,0,"FAGGRA",9,NA,176,135.8,NA,NA,NA,NA,NA
"FAGGRA_44",66,83,1,1,26.9,NA,NA,NA,NA,NA,NA,NA,NA,0,0,"FAGGRA",17,NA,176,149.1,NA,NA,NA,NA,NA
"FAGGRA_54",NA,NA,0,1,NA,NA,NA,NA,NA,NA,NA,NA,NA,0,0,"FAGGRA",NA,NA,176,NA,NA,NA,NA,NA,NA
"FAGGRA_64",NA,NA,1,1,NA,NA,NA,NA,NA,NA,NA,NA,NA,0,0,"FAGGRA",NA,NA,176,NA,NA,NA,NA,NA,NA
"FAGGRA_74",97,120,0,1,28.3,NA,NA,NA,NA,NA,NA,NA,NA,0,0,"FAGGRA",23,NA,176,147.7,NA,NA,NA,NA,NA
"FAGGRA_84",NA,NA,1,1,NA,NA,NA,NA,NA,NA,NA,NA,NA,0,0,"FAGGRA",NA,NA,176,NA,NA,NA,NA,NA,NA
"FAGGRA_94",NA,NA,0,1,NA,NA,NA,NA,NA,NA,NA,NA,NA,0,0,"FAGGRA",NA,NA,176,NA,NA,NA,NA,NA,NA
"FAGGRA_104",69,94,1,1,34.1,NA,NA,NA,NA,NA,NA,NA,NA,0,0,"FAGGRA",25,NA,176,141.9,NA,NA,NA,NA,NA
"FAGGRA_114",80,94,0,1,27.7,NA,NA,NA,NA,NA,NA,NA,NA,0,0,"FAGGRA",14,NA,176,148.3,NA,NA,NA,NA,NA
"FAGGRA_124",NA,NA,1,1,NA,NA,NA,NA,NA,NA,NA,NA,NA,0,0,"FAGGRA",NA,NA,176,NA,NA,NA,NA,NA,NA
"FAGGRA_134",83,94,0,1,30.3,NA,NA,NA,NA,NA,NA,NA,NA,0,0,"FAGGRA",11,NA,176,145.7,NA,NA,NA,NA,NA
"FAGGRA_144",NA,NA,1,1,NA,NA,NA,NA,NA,NA,NA,NA,NA,0,0,"FAGGRA",NA,NA,176,NA,NA,NA,NA,NA,NA
"FAGGRA_154",NA,NA,0,1,NA,NA,NA,NA,NA,NA,NA,NA,NA,0,0,"FAGGRA",NA,NA,176,NA,NA,NA,NA,NA,NA
"FAGGRA_164",NA,NA,1,1,NA,NA,NA,NA,NA,NA,NA,NA,NA,0,0,"FAGGRA",NA,NA,176,NA,NA,NA,NA,NA,NA
"FAGGRA_16",81,102,0,2,30.8,NA,NA,NA,NA,NA,NA,NA,NA,1,0,"FAGGRA",21,NA,177,146.2,NA,NA,NA,NA,NA
"FAGGRA_26",64,79,1,2,35.9,NA,NA,NA,NA,NA,NA,NA,NA,1,0,"FAGGRA",15,NA,177,141.1,NA,NA,NA,NA,NA
"FAGGRA_36",NA,NA,0,2,NA,NA,NA,NA,NA,NA,NA,NA,NA,1,0,"FAGGRA",NA,NA,177,NA,NA,NA,NA,NA,NA
"FAGGRA_46",NA,NA,1,2,NA,NA,NA,NA,NA,NA,NA,NA,NA,1,0,"FAGGRA",NA,NA,177,NA,NA,NA,NA,NA,NA
"FAGGRA_56",NA,NA,0,2,NA,NA,NA,NA,NA,NA,NA,NA,NA,1,0,"FAGGRA",NA,NA,177,NA,NA,NA,NA,NA,NA
"FAGGRA_66",NA,NA,1,2,NA,NA,NA,NA,NA,NA,NA,NA,NA,1,0,"FAGGRA",NA,NA,177,NA,NA,NA,NA,NA,NA
"FAGGRA_76",60,70,0,2,29.2,NA,NA,NA,NA,NA,NA,NA,NA,1,0,"FAGGRA",10,NA,177,147.8,NA,NA,NA,NA,NA
"FAGGRA_86",NA,NA,1,2,NA,NA,NA,NA,NA,NA,NA,NA,NA,1,0,"FAGGRA",NA,NA,177,NA,NA,NA,NA,NA,NA
"FAGGRA_96",63,74,0,2,38.6,NA,NA,NA,NA,NA,NA,NA,NA,1,0,"FAGGRA",11,NA,177,138.4,NA,NA,NA,NA,NA
"FAGGRA_106",NA,NA,1,2,NA,NA,NA,NA,NA,NA,NA,NA,NA,1,0,"FAGGRA",NA,NA,177,NA,NA,NA,NA,NA,NA
"FAGGRA_116",NA,NA,0,2,NA,NA,NA,NA,NA,NA,NA,NA,NA,1,0,"FAGGRA",NA,NA,177,NA,NA,NA,NA,NA,NA
"FAGGRA_126",NA,NA,1,2,NA,NA,NA,NA,NA,NA,NA,NA,NA,1,0,"FAGGRA",NA,NA,177,NA,NA,NA,NA,NA,NA
"FAGGRA_136",53,63,0,2,20.1,NA,NA,NA,NA,NA,NA,NA,NA,1,0,"FAGGRA",10,NA,177,156.9,NA,NA,NA,NA,NA
"FAGGRA_146",NA,NA,1,2,NA,NA,NA,NA,NA,NA,NA,NA,NA,1,0,"FAGGRA",NA,NA,177,NA,NA,NA,NA,NA,NA
"FAGGRA_156",63,70,0,2,21.9,NA,NA,NA,NA,NA,NA,NA,NA,1,0,"FAGGRA",7,NA,177,155.1,NA,NA,NA,NA,NA
"FAGGRA_166",NA,NA,1,2,NA,NA,NA,NA,NA,NA,NA,NA,NA,1,0,"FAGGRA",NA,NA,177,NA,NA,NA,NA,NA,NA
"FAGGRA_18",NA,NA,0,3,NA,NA,NA,NA,NA,NA,NA,NA,NA,0,1,"FAGGRA",NA,NA,163,NA,NA,NA,NA,NA,NA
"FAGGRA_28",NA,NA,1,3,NA,NA,NA,NA,NA,NA,NA,NA,NA,0,1,"FAGGRA",NA,NA,163,NA,NA,NA,NA,NA,NA
"FAGGRA_38",NA,NA,0,3,NA,NA,NA,NA,NA,NA,NA,NA,NA,0,1,"FAGGRA",NA,NA,163,NA,NA,NA,NA,NA,NA
"FAGGRA_48",NA,NA,1,3,NA,NA,NA,NA,NA,NA,NA,NA,NA,0,1,"FAGGRA",NA,NA,163,NA,NA,NA,NA,NA,NA
"FAGGRA_58",NA,NA,0,3,NA,NA,NA,NA,NA,NA,NA,NA,NA,0,1,"FAGGRA",NA,NA,163,NA,NA,NA,NA,NA,NA
"FAGGRA_68",NA,NA,1,3,NA,NA,NA,NA,NA,NA,NA,NA,NA,0,1,"FAGGRA",NA,NA,163,NA,NA,NA,NA,NA,NA
"FAGGRA_78",NA,NA,0,3,NA,NA,NA,NA,NA,NA,NA,NA,NA,0,1,"FAGGRA",NA,NA,163,NA,NA,NA,NA,NA,NA
"FAGGRA_88",NA,NA,1,3,NA,NA,NA,NA,NA,NA,NA,NA,NA,0,1,"FAGGRA",NA,NA,163,NA,NA,NA,NA,NA,NA
"FAGGRA_98",NA,NA,0,3,NA,NA,NA,NA,NA,NA,NA,NA,NA,0,1,"FAGGRA",NA,NA,163,NA,NA,NA,NA,NA,NA
"FAGGRA_108",NA,NA,1,3,NA,NA,NA,NA,NA,NA,NA,NA,NA,0,1,"FAGGRA",NA,NA,163,NA,NA,NA,NA,NA,NA
"FAGGRA_118",NA,NA,0,3,NA,NA,NA,NA,NA,NA,NA,NA,NA,0,1,"FAGGRA",NA,NA,163,NA,NA,NA,NA,NA,NA
"FAGGRA_128",NA,NA,1,3,NA,NA,NA,NA,NA,NA,NA,NA,NA,0,1,"FAGGRA",NA,NA,163,NA,NA,NA,NA,NA,NA
"FAGGRA_138",NA,NA,0,3,NA,NA,NA,NA,NA,NA,NA,NA,NA,0,1,"FAGGRA",NA,NA,163,NA,NA,NA,NA,NA,NA
"FAGGRA_148",NA,NA,1,3,NA,NA,NA,NA,NA,NA,NA,NA,NA,0,1,"FAGGRA",NA,NA,163,NA,NA,NA,NA,NA,NA
"FAGGRA_158",NA,NA,0,3,NA,NA,NA,NA,NA,NA,NA,NA,NA,0,1,"FAGGRA",NA,NA,163,NA,NA,NA,NA,NA,NA
"FAGGRA_168",NA,NA,1,3,NA,NA,NA,NA,NA,NA,NA,NA,NA,0,1,"FAGGRA",NA,NA,163,NA,NA,NA,NA,NA,NA
"NYSSYL_14",NA,NA,0,1,NA,NA,NA,NA,NA,NA,NA,NA,NA,0,0,"NYSSYL",NA,NA,176,NA,NA,NA,NA,NA,NA
"NYSSYL_24",NA,NA,1,1,NA,NA,NA,NA,NA,NA,NA,NA,NA,0,0,"NYSSYL",NA,NA,176,NA,NA,NA,NA,NA,NA
"NYSSYL_34",NA,NA,0,1,NA,NA,NA,NA,NA,NA,NA,NA,NA,0,0,"NYSSYL",NA,NA,176,NA,NA,NA,NA,NA,NA
"NYSSYL_44",NA,NA,1,1,NA,NA,NA,NA,NA,NA,NA,NA,NA,0,0,"NYSSYL",NA,NA,176,NA,NA,NA,NA,NA,NA
"NYSSYL_54",NA,NA,0,1,NA,NA,NA,NA,NA,NA,NA,NA,NA,0,0,"NYSSYL",NA,NA,176,NA,NA,NA,NA,NA,NA
"NYSSYL_64",NA,NA,1,1,NA,NA,NA,NA,NA,NA,NA,NA,NA,0,0,"NYSSYL",NA,NA,176,NA,NA,NA,NA,NA,NA
"NYSSYL_74",36,73,0,1,28.5,NA,NA,NA,NA,NA,NA,NA,NA,0,0,"NYSSYL",37,NA,176,147.5,NA,NA,NA,NA,NA
"NYSSYL_84",NA,NA,1,1,NA,NA,NA,NA,NA,NA,NA,NA,NA,0,0,"NYSSYL",NA,NA,176,NA,NA,NA,NA,NA,NA
"NYSSYL_94",NA,NA,0,1,NA,NA,NA,NA,NA,NA,NA,NA,NA,0,0,"NYSSYL",NA,NA,176,NA,NA,NA,NA,NA,NA
"NYSSYL_104",36,83,1,1,26.7,NA,NA,NA,NA,NA,NA,NA,NA,0,0,"NYSSYL",47,NA,176,149.3,NA,NA,NA,NA,NA
"NYSSYL_114",36,69,0,1,21.8,NA,NA,NA,NA,NA,NA,NA,NA,0,0,"NYSSYL",33,NA,176,154.2,NA,NA,NA,NA,NA
"NYSSYL_124",48,94,1,1,25.4,NA,NA,NA,NA,NA,NA,NA,NA,0,0,"NYSSYL",46,NA,176,150.6,NA,NA,NA,NA,NA
"NYSSYL_134",NA,NA,0,1,NA,NA,NA,NA,NA,NA,NA,NA,NA,0,0,"NYSSYL",NA,NA,176,NA,NA,NA,NA,NA,NA
"NYSSYL_144",36,92,1,1,32.2,NA,NA,NA,NA,NA,NA,NA,NA,0,0,"NYSSYL",56,NA,176,143.8,NA,NA,NA,NA,NA
"NYSSYL_154",36,56,0,1,23.6,NA,NA,NA,NA,NA,NA,NA,NA,0,0,"NYSSYL",20,NA,176,152.4,NA,NA,NA,NA,NA
"NYSSYL_164",NA,NA,1,1,NA,NA,NA,NA,NA,NA,NA,NA,NA,0,0,"NYSSYL",NA,NA,176,NA,NA,NA,NA,NA,NA
"NYSSYL_16",NA,NA,0,2,NA,NA,NA,NA,NA,NA,NA,NA,NA,1,0,"NYSSYL",NA,NA,177,NA,NA,NA,NA,NA,NA
"NYSSYL_26",NA,NA,1,2,NA,NA,NA,NA,NA,NA,NA,NA,NA,1,0,"NYSSYL",NA,NA,177,NA,NA,NA,NA,NA,NA
"NYSSYL_36",NA,NA,0,2,NA,NA,NA,NA,NA,NA,NA,NA,NA,1,0,"NYSSYL",NA,NA,177,NA,NA,NA,NA,NA,NA
"NYSSYL_46",NA,NA,1,2,NA,NA,NA,NA,NA,NA,NA,NA,NA,1,0,"NYSSYL",NA,NA,177,NA,NA,NA,NA,NA,NA
"NYSSYL_56",NA,NA,0,2,NA,NA,NA,NA,NA,NA,NA,NA,NA,1,0,"NYSSYL",NA,NA,177,NA,NA,NA,NA,NA,NA
"NYSSYL_66",NA,NA,1,2,NA,NA,NA,NA,NA,NA,NA,NA,NA,1,0,"NYSSYL",NA,NA,177,NA,NA,NA,NA,NA,NA
"NYSSYL_76",NA,NA,0,2,NA,NA,NA,NA,NA,NA,NA,NA,NA,1,0,"NYSSYL",NA,NA,177,NA,NA,NA,NA,NA,NA
"NYSSYL_86",NA,NA,1,2,NA,NA,NA,NA,NA,NA,NA,NA,NA,1,0,"NYSSYL",NA,NA,177,NA,NA,NA,NA,NA,NA
"NYSSYL_96",NA,NA,0,2,NA,NA,NA,NA,NA,NA,NA,NA,NA,1,0,"NYSSYL",NA,NA,177,NA,NA,NA,NA,NA,NA
"NYSSYL_106",NA,NA,1,2,NA,NA,NA,NA,NA,NA,NA,NA,NA,1,0,"NYSSYL",NA,NA,177,NA,NA,NA,NA,NA,NA
"NYSSYL_116",NA,NA,0,2,NA,NA,NA,NA,NA,NA,NA,NA,NA,1,0,"NYSSYL",NA,NA,177,NA,NA,NA,NA,NA,NA
"NYSSYL_126",NA,NA,1,2,NA,NA,NA,NA,NA,NA,NA,NA,NA,1,0,"NYSSYL",NA,NA,177,NA,NA,NA,NA,NA,NA
"NYSSYL_136",NA,NA,0,2,NA,NA,NA,NA,NA,NA,NA,NA,NA,1,0,"NYSSYL",NA,NA,177,NA,NA,NA,NA,NA,NA
"NYSSYL_146",NA,NA,1,2,NA,NA,NA,NA,NA,NA,NA,NA,NA,1,0,"NYSSYL",NA,NA,177,NA,NA,NA,NA,NA,NA
"NYSSYL_156",NA,NA,0,2,NA,NA,NA,NA,NA,NA,NA,NA,NA,1,0,"NYSSYL",NA,NA,177,NA,NA,NA,NA,NA,NA
"NYSSYL_166",NA,NA,1,2,NA,NA,NA,NA,NA,NA,NA,NA,NA,1,0,"NYSSYL",NA,NA,177,NA,NA,NA,NA,NA,NA
"NYSSYL_18",NA,NA,0,3,NA,NA,NA,NA,NA,NA,NA,NA,NA,0,1,"NYSSYL",NA,NA,163,NA,NA,NA,NA,NA,NA
"NYSSYL_28",NA,NA,1,3,NA,NA,NA,NA,NA,NA,NA,NA,NA,0,1,"NYSSYL",NA,NA,163,NA,NA,NA,NA,NA,NA
"NYSSYL_38",NA,NA,0,3,NA,NA,NA,NA,NA,NA,NA,NA,NA,0,1,"NYSSYL",NA,NA,163,NA,NA,NA,NA,NA,NA
"NYSSYL_48",35,95,1,3,24.5,NA,NA,NA,NA,NA,NA,NA,NA,0,1,"NYSSYL",60,NA,163,138.5,NA,NA,NA,NA,NA
"NYSSYL_58",NA,NA,0,3,NA,NA,NA,NA,NA,NA,NA,NA,NA,0,1,"NYSSYL",NA,NA,163,NA,NA,NA,NA,NA,NA
"NYSSYL_68",NA,NA,1,3,NA,NA,NA,NA,NA,NA,NA,NA,NA,0,1,"NYSSYL",NA,NA,163,NA,NA,NA,NA,NA,NA
"NYSSYL_78",NA,NA,0,3,NA,NA,NA,NA,NA,NA,NA,NA,NA,0,1,"NYSSYL",NA,NA,163,NA,NA,NA,NA,NA,NA
"NYSSYL_88",NA,NA,1,3,NA,NA,NA,NA,NA,NA,NA,NA,NA,0,1,"NYSSYL",NA,NA,163,NA,NA,NA,NA,NA,NA
"NYSSYL_98",NA,NA,0,3,NA,NA,NA,NA,NA,NA,NA,NA,NA,0,1,"NYSSYL",NA,NA,163,NA,NA,NA,NA,NA,NA
"NYSSYL_108",NA,NA,1,3,NA,NA,NA,NA,NA,NA,NA,NA,NA,0,1,"NYSSYL",NA,NA,163,NA,NA,NA,NA,NA,NA
"NYSSYL_118",NA,NA,0,3,NA,NA,NA,NA,NA,NA,NA,NA,NA,0,1,"NYSSYL",NA,NA,163,NA,NA,NA,NA,NA,NA
"NYSSYL_128",NA,NA,1,3,NA,NA,NA,NA,NA,NA,NA,NA,NA,0,1,"NYSSYL",NA,NA,163,NA,NA,NA,NA,NA,NA
"NYSSYL_138",NA,NA,0,3,NA,NA,NA,NA,NA,NA,NA,NA,NA,0,1,"NYSSYL",NA,NA,163,NA,NA,NA,NA,NA,NA
"NYSSYL_148",37,79,1,3,15.9,NA,NA,NA,NA,NA,NA,NA,NA,0,1,"NYSSYL",42,NA,163,147.1,NA,NA,NA,NA,NA
"NYSSYL_158",NA,NA,0,3,NA,NA,NA,NA,NA,NA,NA,NA,NA,0,1,"NYSSYL",NA,NA,163,NA,NA,NA,NA,NA,NA
"NYSSYL_168",NA,NA,1,3,NA,NA,NA,NA,NA,NA,NA,NA,NA,0,1,"NYSSYL",NA,NA,163,NA,NA,NA,NA,NA,NA
"SALPUR_14",13,20,0,1,28.8,0.171,0.154,0.61,1.05,NA,NA,NA,NA,0,0,"SALPUR",7,0.83,176,147.2,NA,NA,NA,NA,0.1625
"SALPUR_24",13,24,1,1,35,0.134,0.137,0.43,0.65,NA,NA,NA,NA,0,0,"SALPUR",11,0.54,176,141,NA,NA,NA,NA,0.1355
"SALPUR_34",8,20,0,1,25.6,0.174,0.156,0.45,0.39,NA,NA,NA,NA,0,0,"SALPUR",12,0.42,176,150.4,NA,NA,NA,NA,0.165
"SALPUR_44",8,22,1,1,18.2,0.139,0.154,0.43,0.61,NA,NA,NA,NA,0,0,"SALPUR",14,0.52,176,157.8,NA,NA,NA,NA,0.1465
"SALPUR_54",13,22,0,1,26.8,0.152,0.168,0.64,0.77,NA,NA,NA,NA,0,0,"SALPUR",9,0.705,176,149.2,NA,NA,NA,NA,0.16
"SALPUR_64",8,20,1,1,19.2,0.162,0.16,0.62,0.39,NA,NA,NA,NA,0,0,"SALPUR",12,0.505,176,156.8,NA,NA,NA,NA,0.161
"SALPUR_74",10,20,0,1,15.8,0.16,0.147,0.49,0.5,NA,NA,NA,NA,0,0,"SALPUR",10,0.495,176,160.2,NA,NA,NA,NA,0.1535
"SALPUR_84",8,22,1,1,23.8,0.137,0.139,0.43,0.46,NA,NA,NA,NA,0,0,"SALPUR",14,0.445,176,152.2,NA,NA,NA,NA,0.138
"SALPUR_94",13,20,0,1,23.4,0.162,0.157,0.57,0.56,NA,NA,NA,NA,0,0,"SALPUR",7,0.565,176,152.6,NA,NA,NA,NA,0.1595
"SALPUR_104",13,24,1,1,24.6,0.151,0.167,0.57,0.76,NA,NA,NA,NA,0,0,"SALPUR",11,0.665,176,151.4,NA,NA,NA,NA,0.159
"SALPUR_114",10,20,0,1,20.2,0.142,0.145,0.63,0.51,NA,NA,NA,NA,0,0,"SALPUR",10,0.57,176,155.8,NA,NA,NA,NA,0.1435
"SALPUR_124",10,20,1,1,33.8,0.147,0.177,0.44,0.5,NA,NA,NA,NA,0,0,"SALPUR",10,0.47,176,142.2,NA,NA,NA,NA,0.162
"SALPUR_134",10,20,0,1,18.4,0.172,0.162,0.43,0.59,NA,NA,NA,NA,0,0,"SALPUR",10,0.51,176,157.6,NA,NA,NA,NA,0.167
"SALPUR_144",13,31,1,1,27.2,0.147,0.141,0.27,0.27,NA,NA,NA,NA,0,0,"SALPUR",18,0.27,176,148.8,NA,NA,NA,NA,0.144
"SALPUR_154",8,14,0,1,26.4,0.151,0.191,0.64,0.48,NA,NA,NA,NA,0,0,"SALPUR",6,0.56,176,149.6,NA,NA,NA,NA,0.171
"SALPUR_164",13,24,1,1,31.8,0.166,0.176,0.54,0.68,NA,NA,NA,NA,0,0,"SALPUR",11,0.61,176,144.2,NA,NA,NA,NA,0.171
"SALPUR_16",9,21,0,2,18.8,0.132,0.159,0.16,0.46,NA,NA,NA,NA,1,0,"SALPUR",12,0.31,177,158.2,NA,NA,NA,NA,0.1455
"SALPUR_26",14,32,1,2,31.8,0.095,0.155,0.56,0.52,NA,NA,NA,NA,1,0,"SALPUR",18,0.54,177,145.2,NA,NA,NA,NA,0.125
"SALPUR_36",9,25,0,2,22.3,0.156,0.157,0.47,0.46,NA,NA,NA,NA,1,0,"SALPUR",16,0.465,177,154.7,NA,NA,NA,NA,0.1565
"SALPUR_46",9,25,1,2,18.4,0.149,0.155,0.5,0.43,NA,NA,NA,NA,1,0,"SALPUR",16,0.465,177,158.6,NA,NA,NA,NA,0.152
"SALPUR_56",11,28,0,2,29.4,0.145,0.158,0.81,0.63,NA,NA,NA,NA,1,0,"SALPUR",17,0.72,177,147.6,NA,NA,NA,NA,0.1515
"SALPUR_66",9,25,1,2,19.6,0.131,0.159,0.36,0.42,NA,NA,NA,NA,1,0,"SALPUR",16,0.39,177,157.4,NA,NA,NA,NA,0.145
"SALPUR_76",11,25,0,2,22.2,0.134,0.161,0.37,0.47,NA,NA,NA,NA,1,0,"SALPUR",14,0.42,177,154.8,NA,NA,NA,NA,0.1475
"SALPUR_86",7,30,1,2,25.8,0.126,0.149,0.59,0.37,NA,NA,NA,NA,1,0,"SALPUR",23,0.48,177,151.2,NA,NA,NA,NA,0.1375
"SALPUR_96",9,30,0,2,24.2,0.154,0.159,0.62,0.63,NA,NA,NA,NA,1,0,"SALPUR",21,0.625,177,152.8,NA,NA,NA,NA,0.1565
"SALPUR_106",11,32,1,2,20.4,0.143,0.127,0.53,0.53,NA,NA,NA,NA,1,0,"SALPUR",21,0.53,177,156.6,NA,NA,NA,NA,0.135
"SALPUR_116",14,28,0,2,27.8,0.137,0.159,0.77,0.75,NA,NA,NA,NA,1,0,"SALPUR",14,0.76,177,149.2,NA,NA,NA,NA,0.148
"SALPUR_126",11,28,1,2,29.6,0.129,0.156,0.3,0.62,NA,NA,NA,NA,1,0,"SALPUR",17,0.46,177,147.4,NA,NA,NA,NA,0.1425
"SALPUR_136",9,21,0,2,28.6,0.149,0.161,0.51,0.39,NA,NA,NA,NA,1,0,"SALPUR",12,0.45,177,148.4,NA,NA,NA,NA,0.155
"SALPUR_146",9,28,1,2,25.6,0.131,0.16,0.52,0.82,NA,NA,NA,NA,1,0,"SALPUR",19,0.67,177,151.4,NA,NA,NA,NA,0.1455
"SALPUR_156",11,21,0,2,25.4,0.126,0.173,0.53,0.51,NA,NA,NA,NA,1,0,"SALPUR",10,0.52,177,151.6,NA,NA,NA,NA,0.1495
"SALPUR_166",11,30,1,2,25.2,0.129,0.132,0.37,0.47,NA,NA,NA,NA,1,0,"SALPUR",19,0.42,177,151.8,NA,NA,NA,NA,0.1305
"SALPUR_18",9,21,0,3,26,0.131,0.173,0.53,0.5,NA,NA,NA,NA,0,1,"SALPUR",12,0.515,163,137,NA,NA,NA,NA,0.152
"SALPUR_28",9,25,1,3,24.1,0.12,0.119,0.52,0.53,NA,NA,NA,NA,0,1,"SALPUR",16,0.525,163,138.9,NA,NA,NA,NA,0.1195
"SALPUR_38",9,25,0,3,21.2,0.135,0.165,0.65,0.68,NA,NA,NA,NA,0,1,"SALPUR",16,0.665,163,141.8,NA,NA,NA,NA,0.15
"SALPUR_48",9,23,1,3,26,0.129,0.109,0.45,0.35,NA,NA,NA,NA,0,1,"SALPUR",14,0.4,163,137,NA,NA,NA,NA,0.119
"SALPUR_58",9,21,0,3,25.6,0.111,0.11,0.46,0.44,NA,NA,NA,NA,0,1,"SALPUR",12,0.45,163,137.4,NA,NA,NA,NA,0.1105
"SALPUR_68",9,23,1,3,27.4,0.077,0.142,0.61,0.35,NA,NA,NA,NA,0,1,"SALPUR",14,0.48,163,135.6,NA,NA,NA,NA,0.1095
"SALPUR_78",11,23,0,3,27.4,0.15,0.164,0.52,0.43,NA,NA,NA,NA,0,1,"SALPUR",12,0.475,163,135.6,NA,NA,NA,NA,0.157
"SALPUR_88",4,21,1,3,18.2,0.135,0.144,0.65,0.44,NA,NA,NA,NA,0,1,"SALPUR",17,0.545,163,144.8,NA,NA,NA,NA,0.1395
"SALPUR_98",11,21,0,3,21,0.147,0.157,0.46,0.59,NA,NA,NA,NA,0,1,"SALPUR",10,0.525,163,142,NA,NA,NA,NA,0.152
"SALPUR_108",9,25,1,3,34,0.133,0.154,0.58,0.51,NA,NA,NA,NA,0,1,"SALPUR",16,0.545,163,129,NA,NA,NA,NA,0.1435
"SALPUR_118",9,23,0,3,25.4,0.164,0.174,0.59,0.43,NA,NA,NA,NA,0,1,"SALPUR",14,0.51,163,137.6,NA,NA,NA,NA,0.169
"SALPUR_128",9,23,1,3,32.6,0.146,0.191,0.52,0.49,NA,NA,NA,NA,0,1,"SALPUR",14,0.505,163,130.4,NA,NA,NA,NA,0.1685
"SALPUR_138",7,21,0,3,28.2,0.155,0.181,0.64,0.87,NA,NA,NA,NA,0,1,"SALPUR",14,0.755,163,134.8,NA,NA,NA,NA,0.168
"SALPUR_148",14,26,1,3,26.2,0.152,0.182,0.61,0.38,NA,NA,NA,NA,0,1,"SALPUR",12,0.495,163,136.8,NA,NA,NA,NA,0.167
"SALPUR_158",4,18,0,3,22.4,0.151,0.203,0.51,0.91,NA,NA,NA,NA,0,1,"SALPUR",14,0.71,163,140.6,NA,NA,NA,NA,0.177
"SALPUR_168",NA,NA,1,NA,NA,NA,NA,NA,NA,NA,NA,NA,NA,NA,NA,"SALPUR",NA,NA,NA,NA,NA,NA,NA,NA,NA
"SORAME_14",48,59,0,1,46,0.115,0.087,0.34,0.34,2019-08-30,NA,NA,45.2,0,0,"SORAME",11,0.34,176,130,242,242,196,-0.408163265306121,0.101
"SORAME_24",45,59,1,1,65.4,0.095,0.085,0.46,0.55,NA,NA,NA,NA,0,0,"SORAME",14,0.505,176,110.6,NA,NA,NA,NA,0.09
"SORAME_34",59,NA,0,1,NA,NA,NA,NA,NA,NA,NA,NA,NA,0,0,"SORAME",NA,NA,176,NA,NA,NA,NA,NA,NA
"SORAME_44",31,45,1,1,49.8,0.114,0.098,0.2,0.3,NA,NA,NA,NA,0,0,"SORAME",14,0.25,176,126.2,NA,NA,NA,NA,0.106
"SORAME_54",29,48,0,1,48.8,0.08,0.087,0.47,0.44,NA,NA,NA,NA,0,0,"SORAME",19,0.455,176,127.2,NA,NA,NA,NA,0.0835
"SORAME_64",53,69,1,1,48.6,0.101,0.125,0.53,0.35,2019-09-06,NA,NA,53.3,0,0,"SORAME",16,0.44,176,127.4,249,249,200.4,2.34530938123752,0.113
"SORAME_74",31,48,0,1,54.6,0.126,0.081,0.41,0.36,2019-07-30,6.01261,9.82,NA,0,0,"SORAME",17,0.385,176,121.4,211,211,156.4,NA,0.1035
"SORAME_84",31,48,1,1,38.6,0.08,0.095,0.29,0.32,NA,NA,NA,NA,0,0,"SORAME",17,0.305,176,137.4,NA,NA,NA,NA,0.0875
"SORAME_94",29,45,0,1,44.8,0.178,0.071,0.6,0.57,NA,NA,NA,NA,0,0,"SORAME",16,0.585,176,131.2,NA,NA,NA,NA,0.1245
"SORAME_104",45,59,1,1,39.4,0.126,0.103,0.51,0.37,NA,NA,NA,NA,0,0,"SORAME",14,0.44,176,136.6,NA,NA,NA,NA,0.1145
"SORAME_114",41,50,0,1,40.4,0.102,0.122,0.61,0.5,NA,NA,NA,NA,0,0,"SORAME",9,0.555,176,135.6,NA,NA,NA,NA,0.112
"SORAME_124",41,69,1,1,56.6,0.086,0.122,NA,NA,2019-08-21,NA,NA,61,0,0,"SORAME",28,NA,176,119.4,233,233,176.4,2.49433106575964,0.104
"SORAME_134",29,48,0,1,55.4,0.084,0.111,0.54,0.41,NA,NA,NA,NA,0,0,"SORAME",19,0.475,176,120.6,NA,NA,NA,NA,0.0975
"SORAME_144",24,50,1,1,43.4,0.111,0.106,0.31,0.24,2019-08-21,NA,NA,NA,0,0,"SORAME",26,0.275,176,132.6,233,233,189.6,NA,0.1085
"SORAME_154",36,48,0,1,59.2,0.103,0.097,0.49,0.55,2019-08-30,NA,NA,NA,0,0,"SORAME",12,0.52,176,116.8,242,242,182.8,NA,0.1
"SORAME_164",31,48,1,1,58.4,0.095,0.104,0.41,0.32,2019-07-25,6.13832,15.71,NA,0,0,"SORAME",17,0.365,176,117.6,206,206,147.6,NA,0.0995
"SORAME_16",35,49,0,2,57.6,0.114,0.184,0.43,0.38,2019-08-30,NA,NA,NA,1,0,"SORAME",14,0.405,177,119.4,242,242,184.4,NA,0.149
"SORAME_26",40,53,1,2,50.9,0.105,0.125,0.2,0.22,NA,NA,NA,NA,1,0,"SORAME",13,0.21,177,126.1,NA,NA,NA,NA,0.115
"SORAME_36",32,43,0,2,50.4,0.118,0.111,0.87,0.43,NA,NA,NA,NA,1,0,"SORAME",11,0.65,177,126.6,NA,NA,NA,NA,0.1145
"SORAME_46",32,46,1,2,45.4,0.109,0.115,0.23,0.27,NA,NA,NA,NA,1,0,"SORAME",14,0.25,177,131.6,NA,NA,NA,NA,0.112
"SORAME_56",43,53,0,2,50.6,0.111,0.119,0.17,0.27,NA,NA,NA,NA,1,0,"SORAME",10,0.22,177,126.4,NA,NA,NA,NA,0.115
"SORAME_66",46,56,1,2,58.3,0.108,0.098,0.33,0.32,2019-07-25,NA,NA,50.4,1,0,"SORAME",10,0.325,177,118.7,206,206,147.7,-5.34867975626269,0.103
"SORAME_76",37,49,0,2,58.3,0.119,0.126,0.42,0.34,NA,NA,NA,NA,1,0,"SORAME",12,0.38,177,118.7,NA,NA,NA,NA,0.1225
"SORAME_86",37,51,1,2,50.4,0.133,0.12,0.18,0.25,NA,NA,NA,NA,1,0,"SORAME",14,0.215,177,126.6,NA,NA,NA,NA,0.1265
"SORAME_96",35,43,0,2,43.7,0.117,0.131,0.14,0.17,NA,NA,NA,NA,1,0,"SORAME",8,0.155,177,133.3,NA,NA,NA,NA,0.124
"SORAME_106",28,43,1,2,44.8,0.117,0.121,0.1,0.22,NA,NA,NA,NA,1,0,"SORAME",15,0.16,177,132.2,NA,NA,NA,NA,0.119
"SORAME_116",37,49,0,2,57.2,0.127,0.17,0.27,0.4,NA,NA,NA,NA,1,0,"SORAME",12,0.335,177,119.8,NA,NA,NA,NA,0.1485
"SORAME_126",43,53,1,2,44.1,0.122,0.145,0.44,0.29,NA,NA,NA,NA,1,0,"SORAME",10,0.365,177,132.9,NA,NA,NA,NA,0.1335
"SORAME_136",40,49,0,2,51.1,0.132,0.145,0.26,0.42,NA,NA,NA,NA,1,0,"SORAME",9,0.34,177,125.9,NA,NA,NA,NA,0.1385
"SORAME_146",35,49,1,2,58.5,0.128,0.148,0.28,0.4,2019-07-30,NA,NA,NA,1,0,"SORAME",14,0.34,177,118.5,211,211,152.5,NA,0.138
"SORAME_156",23,40,0,2,52.6,0.116,0.168,0.25,0.42,NA,NA,NA,NA,1,0,"SORAME",17,0.335,177,124.4,NA,NA,NA,NA,0.142
"SORAME_166",35,51,1,2,44.1,0.097,0.168,0.34,0.26,NA,NA,NA,NA,1,0,"SORAME",16,0.3,177,132.9,NA,NA,NA,NA,0.1325
"SORAME_18",32,44,0,3,47.7,0.148,0.165,0.34,0.35,NA,NA,NA,NA,0,1,"SORAME",12,0.345,163,115.3,NA,NA,NA,NA,0.1565
"SORAME_28",42,53,1,3,45.2,0.174,0.136,0.41,0.3,2019-09-06,NA,NA,NA,0,1,"SORAME",11,0.355,163,117.8,249,228,182.8,NA,0.155
"SORAME_38",35,49,0,3,57.7,0.174,0.148,0.37,0.33,NA,NA,NA,NA,0,1,"SORAME",14,0.35,163,105.3,NA,NA,NA,NA,0.161
"SORAME_48",29,42,1,3,46.8,0.121,0.137,0.39,0.31,NA,NA,NA,NA,0,1,"SORAME",13,0.35,163,116.2,NA,NA,NA,NA,0.129
"SORAME_58",35,46,0,3,39.9,0.086,0.13,0.38,0.34,NA,NA,NA,NA,0,1,"SORAME",11,0.36,163,123.1,NA,NA,NA,NA,0.108
"SORAME_68",26,49,1,3,54.1,0.115,0.118,0.36,0.32,NA,NA,NA,NA,0,1,"SORAME",23,0.34,163,108.9,NA,NA,NA,NA,0.1165
"SORAME_78",26,39,0,3,45.2,0.132,0.117,0.2,0.32,NA,NA,NA,NA,0,1,"SORAME",13,0.26,163,117.8,NA,NA,NA,NA,0.1245
"SORAME_88",35,49,1,3,49,0.1,0.109,0.39,0.29,2019-08-30,NA,NA,62.4,0,1,"SORAME",14,0.34,163,114,242,221,172,7.7906976744186,0.1045
"SORAME_98",29,44,0,3,58.5,0.162,0.174,0.29,0.31,NA,NA,NA,NA,0,1,"SORAME",15,0.3,163,104.5,NA,NA,NA,NA,0.168
"SORAME_108",42,53,1,3,61.5,0.119,0.104,0.25,0.18,2019-07-30,NA,NA,67.9,0,1,"SORAME",11,0.215,163,101.5,211,190,128.5,4.98054474708172,0.1115
"SORAME_118",32,42,0,3,40.5,0.079,0.094,0.25,0.32,NA,NA,NA,NA,0,1,"SORAME",10,0.285,163,122.5,NA,NA,NA,NA,0.0865
"SORAME_128",32,46,1,3,47.6,0.109,0.139,0.32,0.22,NA,NA,NA,NA,0,1,"SORAME",14,0.27,163,115.4,NA,NA,NA,NA,0.124
"SORAME_138",35,46,0,3,45,0.09,0.121,0.36,0.36,2019-08-30,NA,NA,54.3,0,1,"SORAME",11,0.36,163,118,242,221,176,5.28409090909091,0.1055
"SORAME_148",35,44,1,3,48.4,0.14,0.1,0.25,0.2,NA,NA,NA,NA,0,1,"SORAME",9,0.225,163,114.6,NA,NA,NA,NA,0.12
"SORAME_158",29,42,0,3,42.9,0.084,0.089,0.28,0.34,NA,NA,NA,NA,0,1,"SORAME",13,0.31,163,120.1,NA,NA,NA,NA,0.0865
"SORAME_168",29,44,1,3,48.9,0.105,0.109,0.39,0.21,2019-08-21,NA,NA,NA,0,1,"SORAME",15,0.3,163,114.1,233,212,163.1,NA,0.107
"VIBDEN_14",36,59,0,1,21.1,0.112,0.152,0.61,0.42,NA,NA,NA,NA,0,0,"VIBDEN",23,0.515,176,154.9,NA,NA,NA,NA,0.132
"VIBDEN_24",31,50,1,1,25,0.121,0.108,0.47,0.87,NA,NA,NA,NA,0,0,"VIBDEN",19,0.67,176,151,NA,NA,NA,NA,0.1145
"VIBDEN_34",48,59,0,1,33.6,0.12,0.125,0.47,0.67,NA,NA,NA,NA,0,0,"VIBDEN",11,0.57,176,142.4,NA,NA,NA,NA,0.1225
"VIBDEN_44",36,59,1,1,29.5,0.104,0.122,0.51,0.58,NA,NA,NA,NA,0,0,"VIBDEN",23,0.545,176,146.5,NA,NA,NA,NA,0.113
"VIBDEN_54",29,45,0,1,19.5,0.145,0.134,0.9,0.96,NA,NA,NA,NA,0,0,"VIBDEN",16,0.93,176,156.5,NA,NA,NA,NA,0.1395
"VIBDEN_64",43,69,1,1,30.6,0.099,0.136,0.36,0.4,NA,NA,NA,NA,0,0,"VIBDEN",26,0.38,176,145.4,NA,NA,NA,NA,0.1175
"VIBDEN_74",43,59,0,1,32.2,0.176,0.147,0.64,0.98,NA,NA,NA,NA,0,0,"VIBDEN",16,0.81,176,143.8,NA,NA,NA,NA,0.1615
"VIBDEN_84",NA,NA,1,1,NA,NA,NA,NA,NA,NA,NA,NA,NA,0,0,"VIBDEN",NA,NA,176,NA,NA,NA,NA,NA,NA
"VIBDEN_94",34,53,0,1,33.6,0.143,0.136,0.86,0.69,NA,NA,NA,NA,0,0,"VIBDEN",19,0.775,176,142.4,NA,NA,NA,NA,0.1395
"VIBDEN_104",34,53,1,1,26.8,0.143,0.149,0.79,0.7,NA,NA,NA,NA,0,0,"VIBDEN",19,0.745,176,149.2,NA,NA,NA,NA,0.146
"VIBDEN_114",38,69,0,1,22.2,0.133,0.124,0.43,0.62,NA,NA,NA,NA,0,0,"VIBDEN",31,0.525,176,153.8,NA,NA,NA,NA,0.1285
"VIBDEN_124",29,69,1,1,18,0.104,0.118,0.43,0.61,NA,NA,NA,NA,0,0,"VIBDEN",40,0.52,176,158,NA,NA,NA,NA,0.111
"VIBDEN_134",53,69,0,1,27.6,0.135,0.144,0.68,0.7,NA,NA,NA,NA,0,0,"VIBDEN",16,0.69,176,148.4,NA,NA,NA,NA,0.1395
"VIBDEN_144",31,59,1,1,24.7,0.135,0.141,0.84,0.64,NA,NA,NA,NA,0,0,"VIBDEN",28,0.74,176,151.3,NA,NA,NA,NA,0.138
"VIBDEN_154",41,64,0,1,33,0.12,0.131,0.78,0.46,NA,NA,NA,NA,0,0,"VIBDEN",23,0.62,176,143,NA,NA,NA,NA,0.1255
"VIBDEN_164",56,76,1,1,24.2,0.126,0.146,0.43,0.48,NA,NA,NA,NA,0,0,"VIBDEN",20,0.455,176,151.8,NA,NA,NA,NA,0.136
"VIBDEN_16",21,35,0,2,25.6,0.121,0.121,0.55,0.48,NA,NA,NA,NA,1,0,"VIBDEN",14,0.515,177,151.4,NA,NA,NA,NA,0.121
"VIBDEN_26",30,46,1,2,27.9,0.13,0.189,0.55,0.53,NA,NA,NA,NA,1,0,"VIBDEN",16,0.54,177,149.1,NA,NA,NA,NA,0.1595
"VIBDEN_36",35,46,0,2,28.4,0.118,0.133,0.57,0.67,NA,NA,NA,NA,1,0,"VIBDEN",11,0.62,177,148.6,NA,NA,NA,NA,0.1255
"VIBDEN_46",30,46,1,2,34.8,0.118,0.122,0.55,0.52,NA,NA,NA,NA,1,0,"VIBDEN",16,0.535,177,142.2,NA,NA,NA,NA,0.12
"VIBDEN_56",23,40,0,2,35.1,0.136,0.137,0.71,0.74,NA,NA,NA,NA,1,0,"VIBDEN",17,0.725,177,141.9,NA,NA,NA,NA,0.1365
"VIBDEN_66",30,49,1,2,26.4,0.139,0.133,0.47,0.65,NA,NA,NA,NA,1,0,"VIBDEN",19,0.56,177,150.6,NA,NA,NA,NA,0.136
"VIBDEN_76",25,43,0,2,22.7,0.112,0.117,0.72,0.71,NA,NA,NA,NA,1,0,"VIBDEN",18,0.715,177,154.3,NA,NA,NA,NA,0.1145
"VIBDEN_86",40,56,1,2,27,0.108,0.117,0.33,0.57,NA,NA,NA,NA,1,0,"VIBDEN",16,0.45,177,150,NA,NA,NA,NA,0.1125
"VIBDEN_96",28,43,0,2,20.4,0.155,0.13,0.53,0.49,NA,NA,NA,NA,1,0,"VIBDEN",15,0.51,177,156.6,NA,NA,NA,NA,0.1425
"VIBDEN_106",21,43,1,2,25.9,0.159,0.124,0.51,0.6,NA,NA,NA,NA,1,0,"VIBDEN",22,0.555,177,151.1,NA,NA,NA,NA,0.1415
"VIBDEN_116",35,56,0,2,34.3,0.194,0.18,0.77,0.28,NA,NA,NA,NA,1,0,"VIBDEN",21,0.525,177,142.7,NA,NA,NA,NA,0.187
"VIBDEN_126",32,46,1,2,32.7,0.138,0.126,0.58,0.48,NA,NA,NA,NA,1,0,"VIBDEN",14,0.53,177,144.3,NA,NA,NA,NA,0.132
"VIBDEN_136",40,51,0,2,22.5,0.162,0.117,0.72,0.63,NA,NA,NA,NA,1,0,"VIBDEN",11,0.675,177,154.5,NA,NA,NA,NA,0.1395
"VIBDEN_146",32,46,1,2,31.6,0.127,0.151,0.59,0.67,NA,NA,NA,NA,1,0,"VIBDEN",14,0.63,177,145.4,NA,NA,NA,NA,0.139
"VIBDEN_156",25,43,0,2,25,0.149,0.126,0.73,0.9,NA,NA,NA,NA,1,0,"VIBDEN",18,0.815,177,152,NA,NA,NA,NA,0.1375
"VIBDEN_166",35,56,1,2,30.7,0.149,0.163,0.87,0.78,NA,NA,NA,NA,1,0,"VIBDEN",21,0.825,177,146.3,NA,NA,NA,NA,0.156
"VIBDEN_18",16,29,0,3,20.3,0.137,0.136,0.56,0.7,NA,NA,NA,NA,0,1,"VIBDEN",13,0.63,163,142.7,NA,NA,NA,NA,0.1365
"VIBDEN_28",16,32,1,3,23.6,0.122,0.136,0.55,0.67,NA,NA,NA,NA,0,1,"VIBDEN",16,0.61,163,139.4,NA,NA,NA,NA,0.129
"VIBDEN_38",21,37,0,3,32.4,0.153,0.141,0.76,0.59,NA,NA,NA,NA,0,1,"VIBDEN",16,0.675,163,130.6,NA,NA,NA,NA,0.147
"VIBDEN_48",25,46,1,3,29.4,0.157,0.149,0.57,0.59,NA,NA,NA,NA,0,1,"VIBDEN",21,0.58,163,133.6,NA,NA,NA,NA,0.153
"VIBDEN_58",21,32,0,3,26.4,0.124,0.137,0.39,0.37,NA,NA,NA,NA,0,1,"VIBDEN",11,0.38,163,136.6,NA,NA,NA,NA,0.1305
"VIBDEN_68",18,44,1,3,32.4,0.132,0.13,0.54,0.44,NA,NA,NA,NA,0,1,"VIBDEN",26,0.49,163,130.6,NA,NA,NA,NA,0.131
"VIBDEN_78",21,35,0,3,35.4,0.142,0.203,0.68,0.82,NA,NA,NA,NA,0,1,"VIBDEN",14,0.75,163,127.6,NA,NA,NA,NA,0.1725
"VIBDEN_88",23,39,1,3,35.4,0.12,0.133,0.62,0.67,NA,NA,NA,NA,0,1,"VIBDEN",16,0.645,163,127.6,NA,NA,NA,NA,0.1265
"VIBDEN_98",29,42,0,3,23,0.181,0.16,0.79,0.78,NA,NA,NA,NA,0,1,"VIBDEN",13,0.785,163,140,NA,NA,NA,NA,0.1705
"VIBDEN_108",26,42,1,3,28.3,0.15,0.132,0.57,0.51,NA,NA,NA,NA,0,1,"VIBDEN",16,0.54,163,134.7,NA,NA,NA,NA,0.141
"VIBDEN_118",16,32,0,3,23.4,0.123,0.144,0.58,0.66,NA,NA,NA,NA,0,1,"VIBDEN",16,0.62,163,139.6,NA,NA,NA,NA,0.1335
"VIBDEN_128",26,37,1,3,25.4,0.115,0.15,0.68,0.54,NA,NA,NA,NA,0,1,"VIBDEN",11,0.61,163,137.6,NA,NA,NA,NA,0.1325
"VIBDEN_138",16,32,0,3,27.9,0.179,0.12,0.88,0.74,NA,NA,NA,NA,0,1,"VIBDEN",16,0.81,163,135.1,NA,NA,NA,NA,0.1495
"VIBDEN_148",16,32,1,3,30,0.117,0.122,1.02,0.53,NA,NA,NA,NA,0,1,"VIBDEN",16,0.775,163,133,NA,NA,NA,NA,0.1195
"VIBDEN_158",29,44,0,3,34.8,0.138,0.149,0.66,0.67,NA,NA,NA,NA,0,1,"VIBDEN",15,0.665,163,128.2,NA,NA,NA,NA,0.1435
"VIBDEN_168",23,42,1,3,29.1,0.128,0.144,0.68,0.59,NA,NA,NA,NA,0,1,"VIBDEN",19,0.635,163,133.9,NA,NA,NA,NA,0.136
