id,bb,lo,lo.ht,start,frz,,onemonth.ht,Chl1,Chl2,Chl3,Chl4,ChlAvg,On or Before 2/19,,60dayheight,chl1,chl2,chl3,chl4,,,chlavg,ht.diff,tx_chlavg,tx_htdiff,mg/cm2
ACESAC_14,2/1/19,2/11/19,29.6,12/24/18,,,,,,,,,"7= full leafout; 5 cont, 2 frz",,,,,,,,,#DIV/0!,-29.6,,,
ACESAC_24,2/13/19,2/25/19,22.6,12/24/18,2/15/19,,,,,,,,15=budburst,,,,,,,,,#DIV/0!,-22.6,,,
ACESAC_34,1/30/19,2/11/19,30.1,12/24/18,,,,,,,,,5=budburst and frz,,,,,,,,,#DIV/0!,-30.1,,,
ACESAC_44,2/11/19,2/22/19,22.2,12/24/18,2/15/19,,,,,,,,,,,,,,,,,#DIV/0!,-22.2,,,
ACESAC_54,2/8/19,2/16/19,16.4,12/24/18,,,,,,,,,,,,,,,,,,#DIV/0!,-16.4,,,
ACESAC_64,2/16/19,3/4/19,22.1,12/24/18,2/25/19,,,,,,,,,,,,,,,,,#DIV/0!,-22.1,,,
ACESAC_74,2/16/19,3/4/19,22.5,12/24/18,,,,,,,,,,,,,,,,,,#DIV/0!,-22.5,,,
ACESAC_84,2/1/19,2/19/19,31.1,12/24/18,2/15/19,,,,,,,,,,,,,,,,,#DIV/0!,-31.1,,,
ACESAC_94,1/30/19,2/16/19,30,12/24/18,,,,,,,,,,,,,,,,,,#DIV/0!,-30,,,
ACESAC_104,2/4/19,2/22/19,25.2,12/24/18,2/8/19,90%,,,,,,,,,,,,,,,,#DIV/0!,-25.2,,,
ACESAC_114,2/22/19,3/8/19,22.6,12/24/18,,,,,,,,,,,,,,,,,,#DIV/0!,-22.6,,,
ACESAC_124,1/30/19,2/16/19,27.6,12/24/18,2/8/19,,,,,,,,,,,,,,,,,#DIV/0!,-27.6,,,
ACESAC_134,2/6/19,2/16/19,22.1,12/24/18,,,,,,,,,,,,,,,,,,#DIV/0!,-22.1,,,
ACESAC_144,2/1/19,2/13/19,33.3,12/24/18,2/6/19,,,,,,,,,,,,,,,,,#DIV/0!,-33.3,,,
ACESAC_154,2/4/19,2/19/19,20.2,12/24/18,,,,,,,,,,,,,,,,,,#DIV/0!,-20.2,,,
ACESAC_164,2/4/19,2/22/19,36.3,12/24/18,2/13/19,,,,,,,,,,,,,,,,,#DIV/0!,-36.3,,,
ACESAC_16,2/16/19,3/4/19,22.1,1/7/19,,,,,,,,,"9=budburst; 5 cont, 4 frz",,,,,,,,,#DIV/0!,-22.1,,,
ACESAC_26,3/4/19,3/15/19,27.9,1/7/19,3/8/19,,,,,,,,1= in growth chamber during heat,,,,,,,,,#DIV/0!,-27.9,,,
ACESAC_36,2/11/19,2/22/19,34.3,1/7/19,,,,,,,,,,,,,,,,,,#DIV/0!,-34.3,,,
ACESAC_46,2/16/19,3/1/19,30.9,1/7/19,2/22/19,,,,,,,,,,,,,,,,,#DIV/0!,-30.9,,,
ACESAC_56,2/19/19,3/4/19,30.9,1/7/19,,,,,,,,,,,,,,,,,,#DIV/0!,-30.9,,,
ACESAC_66,2/16/19,2/27/19,21,1/7/19,2/22/19,,,,,,,,,,,,,,,,,#DIV/0!,-21,,,
ACESAC_76,2/8/19,2/25/19,17.8,1/7/19,,,,,,,,,,,,,,,,,,#DIV/0!,-17.8,,,
ACESAC_86,2/25/19,3/11/19,29.5,1/7/19,3/4/19,,,,,,,,,,,,,,,,,#DIV/0!,-29.5,,,
ACESAC_96,2/27/19,3/6/19,27.4,1/7/19,,,,,,,,,,,,,,,,,,#DIV/0!,-27.4,,,
ACESAC_106,2/16/19,2/25/19,24.7,1/7/19,2/22/19,,,,,,,,,,,,,,,,,#DIV/0!,-24.7,,,
ACESAC_116,2/16/19,3/4/19,27.7,1/7/19,,,,,,,,,,,,,,,,,,#DIV/0!,-27.7,,,
ACESAC_126,2/19/19,3/8/19,27.7,1/7/19,3/4/19,,,,,,,,,,,,,,,,,#DIV/0!,-27.7,,,
ACESAC_136,3/11/19,3/18/19,19.1,1/7/19,,,,,,,,,,,,,,,,,,#DIV/0!,-19.1,,,
ACESAC_146,2/19/19,3/4/19,35.2,1/7/19,2/25/19,,,,,,,,,,,,,,,,,#DIV/0!,-35.2,,,
ACESAC_156,2/4/19,2/19/19,30.2,1/7/19,,,,,,,,,,,,,,,,,,#DIV/0!,-30.2,,,
ACESAC_166,2/8/19,2/22/19,21.4,1/7/19,2/19/19,,,,,,,,,,,,,,,,,#DIV/0!,-21.4,,,
ACESAC_18,2/22/19,3/6/19,23.7,1/21/19,,,,,,,,,none bursted before heat,,,,,,,,,#DIV/0!,-23.7,,,
ACESAC_28,3/1/19,3/11/19,29.4,1/21/19,3/4/19,,,,,,,,"4 bursted day of; 1 cont, 3 frz",,,,,,,,,#DIV/0!,-29.4,,,
ACESAC_38,2/19/19,3/4/19,28.8,1/21/19,,,,,,,,,,,,,,,,,,#DIV/0!,-28.8,,,
ACESAC_48,2/25/19,3/11/19,16.8,1/21/19,3/4/19,,,,,,,,,,,,,,,,,#DIV/0!,-16.8,,,
ACESAC_58,3/11/19,3/18/19,28.8,1/21/19,,,,,,,,,,,,,,,,,,#DIV/0!,-28.8,,,
ACESAC_68,2/19/19,3/6/19,34.8,1/21/19,2/25/19,,,,,,,,,,,,,,,,,#DIV/0!,-34.8,,,
ACESAC_78,3/6/19,3/15/19,20.8,1/21/19,,,,,,,,,,,,,,,,,,#DIV/0!,-20.8,,,
ACESAC_88,2/19/19,3/6/19,23.8,1/21/19,2/27/19,,,,,,,,,,,,,,,,,#DIV/0!,-23.8,,,
ACESAC_98,3/8/19,3/15/19,20.1,1/21/19,,,,,,,,,,,,,,,,,,#DIV/0!,-20.1,,,
ACESAC_108,2/25/19,3/11/19,33.5,1/21/19,3/4/19,,,,,,,,,,,,,,,,,#DIV/0!,-33.5,,,
ACESAC_118,2/22/19,3/6/19,27,1/21/19,,,,,,,,,,,,,,,,,,#DIV/0!,-27,,,
ACESAC_128,3/4/19,3/12/19,28.8,1/21/19,3/8/19,,,,,,,,,,,,,,,,,#DIV/0!,-28.8,,,
ACESAC_138,2/22/19,3/4/19,33,1/21/19,,,,,,,,,,,,,,,,,,#DIV/0!,-33,,,
ACESAC_148,2/19/19,3/18/19,31.1,1/21/19,2/27/19,,,,,,,,,,,,,,,,,#DIV/0!,-31.1,,,
ACESAC_158,3/1/19,3/22/19,19,1/21/19,,,,,,,,,,,,,,,,,,#DIV/0!,-19,,,
ACESAC_168,3/1/19,3/15/19,24.3,1/21/19,3/8/19,,,,,,,,,,,,,,,,,#DIV/0!,-24.3,,,
ALNRUG_14,1/23/19,2/6/19,30,12/24/18,,,,,,,,,14 full leaf out before heat,,,,,,,,,#DIV/0!,-30,,,
ALNRUG_24,1/23/19,2/13/19,31.8,12/24/18,1/28/19,,,,,,,,1 budburst and frz,,,,,,,,,#DIV/0!,-31.8,,,
ALNRUG_34,1/23/19,2/11/19,20.2,12/24/18,,,,,,,,,1 never going to burst,,,,,,,,,#DIV/0!,-20.2,,,
ALNRUG_44,1/18/19,2/8/19,29.4,12/24/18,1/23/19,,,,,,,,,,,,,,,,,#DIV/0!,-29.4,,,
ALNRUG_54,1/18/19,2/13/19,32.6,12/24/18,,,,,,,,,,,,,,,,,,#DIV/0!,-32.6,,,
ALNRUG_64,1/18/19,2/13/19,32.2,12/24/18,1/25/19,,,,,,,,,,,,,,,,,#DIV/0!,-32.2,,,
ALNRUG_74,1/16/19,2/8/19,33.3,12/24/18,,,,,,,,,,,,,,,,,,#DIV/0!,-33.3,,,
ALNRUG_84,1/23/19,2/11/19,35.2,12/24/18,1/28/19,,,,,,,,,,,,,,,,,#DIV/0!,-35.2,,,
ALNRUG_94,1/21/19,2/8/19,28.9,12/24/18,,,,,,,,,,,,,,,,,,#DIV/0!,-28.9,,,
ALNRUG_104,2/4/19,2/27/19,36.8,12/24/18,2/8/19,,,,,,,,,,,,,,,,,#DIV/0!,-36.8,,,
ALNRUG_114,1/14/19,2/6/19,52.4,12/24/18,,,,,,,,,,,,,,,,,,#DIV/0!,-52.4,,,
ALNRUG_124,,,,12/24/18,,,,,,,,,,,,,,,,,,#DIV/0!,0,,,
ALNRUG_134,1/14/19,2/8/19,26.2,12/24/18,,,,,,,,,,,,,,,,,,#DIV/0!,-26.2,,,
ALNRUG_144,1/16/19,2/8/19,32.2,12/24/18,1/23/19,,,,,,,,,,,,,,,,,#DIV/0!,-32.2,,,
ALNRUG_154,1/16/19,2/6/19,21.6,12/24/18,,,,,,,,,,,,,,,,,,#DIV/0!,-21.6,,,
ALNRUG_164,1/8/19,2/11/19,31.6,12/24/18,1/14/19,,,,,,,,,,,,,,,,,#DIV/0!,-31.6,,,
ALNRUG_16,2/11/19,3/4/19,46.5,1/7/19,,,,,,,,,9 full leafed out,,,,,,,,,#DIV/0!,-46.5,,,
ALNRUG_26,1/30/19,3/1/19,17.1,1/7/19,2/11/19,,,,,,,,6 budburst; 1 cont and 5 tx; all tx frz,,,,,,,,,#DIV/0!,-17.1,,,
ALNRUG_36,1/28/19,2/16/19,36.4,1/7/19,,,,,,,,,,,,,,,,,,#DIV/0!,-36.4,,,
ALNRUG_46,2/6/19,2/22/19,28.7,1/7/19,2/8/19,,,,,,,,,,,,,,,,,#DIV/0!,-28.7,,,
ALNRUG_56,1/28/19,2/13/19,36.6,1/7/19,,,,,,,,,,,,,,,,,,#DIV/0!,-36.6,,,
ALNRUG_66,1/28/19,2/27/19,32.2,1/7/19,2/1/19,,,,,,,,,,,,,,,,,#DIV/0!,-32.2,,,
ALNRUG_76,,,,1/7/19,,,,,,,,,,,,,,,,,,#DIV/0!,0,,,
ALNRUG_86,2/1/19,2/19/19,25.4,1/7/19,2/6/19,,,,,,,,,,,,,,,,,#DIV/0!,-25.4,,,
ALNRUG_96,1/28/19,2/16/19,33.8,1/7/19,,,,,,,,,,,,,,,,,,#DIV/0!,-33.8,,,
ALNRUG_106,2/16/19,3/8/19,27,1/7/19,2/22/19,not really much going on - may decide to toss,,,,,,,,,,,,,,,,#DIV/0!,-27,,,
ALNRUG_116,1/28/19,2/16/19,27,1/7/19,,,,,,,,,,,,,,,,,,#DIV/0!,-27,,,
ALNRUG_126,2/4/19,2/27/19,28.6,1/7/19,2/11/19,80%,,,,,,,,,,,,,,,,#DIV/0!,-28.6,,,
ALNRUG_136,1/28/19,2/16/19,20,1/7/19,,,,,,,,,,,,,,,,,,#DIV/0!,-20,,,
ALNRUG_146,1/28/19,2/19/19,25.4,1/7/19,2/4/19,,,,,,,,,,,,,,,,,#DIV/0!,-25.4,,,
ALNRUG_156,2/1/19,2/19/19,30.4,1/7/19,,,,,,,,,,,,,,,,,,#DIV/0!,-30.4,,,
ALNRUG_166,1/28/19,2/19/19,25.5,1/7/19,2/4/19,,,,,,,,,,,,,,,,,#DIV/0!,-25.5,,,
ALNRUG_18,3/8/19,,,1/21/19,,,,,,,,,"13 budburst; 6 cont, 7 tx",,,,,,,,,#DIV/0!,0,,,
ALNRUG_28,2/11/19,3/1/19,29,1/21/19,2/15/19,,,,,,,,3 in growth chamber during,,,,,,,,,#DIV/0!,-29,,,
ALNRUG_38,2/6/19,2/22/19,25.4,1/21/19,,,,,,,,,"3 frz before, 1 after",,,,,,,,,#DIV/0!,-25.4,,,
ALNRUG_48,2/6/19,3/15/19,22,1/21/19,2/13/19,,,,,,,,,,,,,,,,,#DIV/0!,-22,,,
ALNRUG_58,2/8/19,2/22/19,35.4,1/21/19,,,,,,,,,,,,,,,,,,#DIV/0!,-35.4,,,
ALNRUG_68,,,,1/21/19,,,,,,,,,,,,,,,,,,#DIV/0!,0,,,
ALNRUG_78,,,,1/21/19,,,,,,,,,,,,,,,,,,#DIV/0!,0,,,
ALNRUG_88,2/13/19,2/27/19,31.3,1/21/19,2/22/19,,,,,,,,,,,,,,,,,#DIV/0!,-31.3,,,
ALNRUG_98,2/8/19,2/25/19,29.1,1/21/19,,,,,,,,,,,,,,,,,,#DIV/0!,-29.1,,,
ALNRUG_108,2/11/19,2/25/19,20.2,1/21/19,2/15/19,,,,,,,,,,,,,,,,,#DIV/0!,-20.2,,,
ALNRUG_118,2/16/19,3/1/19,27.3,1/21/19,,,,,,,,,,,,,,,,,,#DIV/0!,-27.3,,,
ALNRUG_128,2/11/19,3/4/19,25.5,1/21/19,2/19/19,,,,,,,,,,,,,,,,,#DIV/0!,-25.5,,,
ALNRUG_138,2/6/19,2/25/19,27,1/21/19,,,,,,,,,,,,,,,,,,#DIV/0!,-27,,,
ALNRUG_148,2/8/19,3/4/19,28.3,1/21/19,2/19/19,,,,,,,,,,,,,,,,,#DIV/0!,-28.3,,,
ALNRUG_158,2/11/19,3/1/19,33.1,1/21/19,,,,,,,,,,,,,,,,,,#DIV/0!,-33.1,,,
ALNRUG_168,2/16/19,3/4/19,23.4,1/21/19,2/19/19,,,,,,,,,,,,,,,,,#DIV/0!,-23.4,,,
BETPAP_14,1/18/19,2/6/19,40.2,12/24/18,,,,,,,,,all done before,,,,,,,,,#DIV/0!,-40.2,#DIV/0!,1.175,
BETPAP_24,1/7/19,1/25/19,33.9,12/24/18,1/11/19,,,,,,,,,,36.7,21.9,25,24.5,23.9,,,23.825,2.8,#DIV/0!,-0.2,0.0067
BETPAP_34,1/7/19,1/21/19,34.4,12/24/18,,,39.7,31.4,22.8,35.4,32.4,30.5,,,39.7,26.4,22.5,35.3,34.2,,,29.6,5.3,,,0.0124
BETPAP_44,1/4/19,1/28/19,32.8,12/24/18,1/8/19,,,,,,,,,,37,27.6,26.6,10.6,30.2,,,23.75,4.2,,,0.0066
BETPAP_54,1/7/19,1/21/19,36.1,12/24/18,,,47.9,35.4,28,43.5,34.6,35.375,,,47.6,34.5,25.3,23.7,36.1,,,29.9,11.5,,,0.0127
BETPAP_64,1/7/19,2/6/19,39.4,12/24/18,1/11/19,,,,,,,,,,,,,,,,,#DIV/0!,-39.4,,,
BETPAP_74,1/7/19,1/21/19,34.1,12/24/18,,,40.6,41.7,24.8,47.3,34.6,37.1,,,43.9,29.7,24.5,44.9,25,,,31.025,9.8,,,0.0138
BETPAP_84,1/7/19,1/21/19,41.2,12/24/18,1/11/19,,43.6,28.6,35.8,37.4,32.1,33.475,,,46.9,29.8,29.4,32.9,36.4,,,32.125,5.7,,,0.015
BETPAP_94,1/11/19,1/28/19,41.4,12/24/18,,,,,,,,,,,48.4,27.5,28.8,21.8,31.4,,,27.375,7,,,0.0101
BETPAP_104,1/8/19,1/30/19,31.2,12/24/18,1/11/19,,,,,,,,,,34.7,26.2,29.6,31.1,26.4,,,28.325,3.5,,,0.0111
BETPAP_114,1/7/19,1/21/19,35.2,12/24/18,,,40.6,42.2,36.7,36.3,38.3,38.375,,,41.4,35.4,24.6,33.6,25.2,,,29.7,6.2,,,0.0125
BETPAP_124,1/16/19,1/30/19,28.1,12/24/18,1/23/19,,,,,,,,,,32.4,25.7,28.6,23,33.3,,,27.65,4.3,,,0.0104
BETPAP_134,1/7/19,1/25/19,30.6,12/24/18,,,,,,,,,,,35.9,25.2,27.2,27.8,23,,,25.8,5.3,,,0.0086
BETPAP_144,1/4/19,1/28/19,43.9,12/24/18,1/8/19,,,,,,,,,,54.5,25.7,26.7,31.3,24,,,26.925,10.6,,,0.0097
BETPAP_154,1/9/19,1/28/19,33.2,12/24/18,,,,,,,,,,,37.7,27.3,19.3,21.8,25,,,22.8,4.5,,,0.0063
BETPAP_164,1/8/19,1/30/19,39,12/24/18,1/18/19,85%,,,,,,,,,45.7,22.2,28.9,21,15.7,,,21.95,6.7,,,0.005
BETPAP_16,1/23/19,2/11/19,28.4,1/7/19,,,,,,,,,all done before,,,,,,,,,#DIV/0!,-28.4,,,
BETPAP_26,1/23/19,2/19/19,26.2,1/7/19,1/28/19,,,,,,,,,,,,,,,,,#DIV/0!,-26.2,,,
BETPAP_36,1/21/19,2/6/19,36.4,1/7/19,,,,,,,,,,,,,,,,,,#DIV/0!,-36.4,,,
BETPAP_46,1/28/19,2/19/19,38.6,1/7/19,2/4/19,,,,,,,,,,,,,,,,,#DIV/0!,-38.6,,,
BETPAP_56,1/21/19,2/16/19,45.2,1/7/19,,,,,,,,,,,,,,,,,,#DIV/0!,-45.2,,,
BETPAP_66,1/23/19,2/13/19,39,1/7/19,2/1/19,90%,,,,,,,,,,,,,,,,#DIV/0!,-39,,,
BETPAP_76,1/18/19,2/8/19,27.8,1/7/19,,,,,,,,,,,,,,,,,,#DIV/0!,-27.8,,,
BETPAP_86,1/21/19,2/11/19,29.2,1/7/19,2/1/19,,,,,,,,,,,,,,,,,#DIV/0!,-29.2,,,
BETPAP_96,1/16/19,2/4/19,45.8,1/7/19,,,,,,,,,,,,,,,,,,#DIV/0!,-45.8,,,
BETPAP_106,1/25/19,2/19/19,47.7,1/7/19,2/1/19,85%,,,,,,,,,,,,,,,,#DIV/0!,-47.7,,,
BETPAP_116,1/14/19,2/1/19,35,1/7/19,,,,,,,,,,,51.2,22.6,27,35.6,28.5,,,28.425,16.2,,,0.0112
BETPAP_126,1/21/19,2/6/19,35,1/7/19,1/25/19,,,,,,,,,,,,,,,,,#DIV/0!,-35,,,
BETPAP_136,1/21/19,2/1/19,38.7,1/7/19,,,,,,,,,,,43.5,39,45,39.8,25.3,,,37.275,4.8,,,0.0208
BETPAP_146,1/28/19,2/16/19,40.4,1/7/19,2/4/19,,,,,,,,,,,,,,,,,#DIV/0!,-40.4,,,
BETPAP_156,1/21/19,2/6/19,38.7,1/7/19,,,,,,,,,,,,,,,,,,#DIV/0!,-38.7,,,
BETPAP_166,1/21/19,2/8/19,47.1,1/7/19,1/25/19,,,,,,,,,,,,,,,,,#DIV/0!,-47.1,,,
BETPAP_18,2/4/19,2/16/19,38.6,1/21/19,,,,,,,,,8 fully leafed out,,,,,,,,,#DIV/0!,-38.6,,,
BETPAP_28,2/4/19,2/22/19,33.5,1/21/19,2/8/19,,,,,,,,"8 budburst; 5 tx, 3 cont",,,,,,,,,#DIV/0!,-33.5,,,
BETPAP_38,2/1/19,2/16/19,36.2,1/21/19,,,,,,,,,all frz before,,,,,,,,,#DIV/0!,-36.2,,,
BETPAP_48,2/6/19,2/27/19,40.1,1/21/19,2/11/19,,,,,,,,,,,,,,,,,#DIV/0!,-40.1,,,
BETPAP_58,2/1/19,2/16/19,45.7,1/21/19,,,,,,,,,,,,,,,,,,#DIV/0!,-45.7,,,
BETPAP_68,2/11/19,2/25/19,37.2,1/21/19,2/15/19,,,,,,,,,,,,,,,,,#DIV/0!,-37.2,,,
BETPAP_78,2/16/19,2/27/19,46.6,1/21/19,,,,,,,,,,,,,,,,,,#DIV/0!,-46.6,,,
BETPAP_88,1/28/19,2/19/19,33,1/21/19,2/4/19,,,,,,,,,,,,,,,,,#DIV/0!,-33,,,
BETPAP_98,1/28/19,2/13/19,28.4,1/21/19,,,,,,,,,,,,,,,,,,#DIV/0!,-28.4,,,
BETPAP_108,2/6/19,2/22/19,45.6,1/21/19,2/11/19,,,,,,,,,,,,,,,,,#DIV/0!,-45.6,,,
BETPAP_118,2/6/19,2/22/19,30.8,1/21/19,,,,,,,,,,,,,,,,,,#DIV/0!,-30.8,,,
BETPAP_128,1/28/19,2/16/19,36,1/21/19,2/4/19,,,,,,,,,,,,,,,,,#DIV/0!,-36,,,
BETPAP_138,2/4/19,2/16/19,38.4,1/21/19,,,,,,,,,,,,,,,,,,#DIV/0!,-38.4,,,
BETPAP_148,2/4/19,3/6/19,31.4,1/21/19,2/8/19,Damage,,,,,,,,,,,,,,,,#DIV/0!,-31.4,,,
BETPAP_158,1/30/19,2/13/19,25.8,1/21/19,,,,,,,,,,,,,,,,,,#DIV/0!,-25.8,,,
BETPAP_168,2/6/19,2/22/19,39.7,1/21/19,2/11/19,,,,,,,,,,,,,,,,,#DIV/0!,-39.7,,,
BETPOP_14,1/9/19,1/28/19,56.2,12/24/18,,,,,,,,,all before,,61.7,29.9,26.6,26.5,30.4,,,28.35,5.5,,,0.0111
BETPOP_24,1/16/19,2/4/19,56.4,12/24/18,1/23/19,,,,,,,,,,,,,,,,,#DIV/0!,-56.4,,,
BETPOP_34,1/9/19,1/30/19,60.5,12/24/18,,,,,,,,,,,62.6,28,31,33.3,40.6,,,33.225,2.1,,,0.0162
BETPOP_44,1/16/19,2/1/19,56.5,12/24/18,1/23/19,Damage,,,,,,,,,65.8,37.3,40,33.6,28.3,,,34.8,9.3,,,0.0179
BETPOP_54,1/16/19,2/1/19,53.8,12/24/18,,,,,,,,,,,57.6,29.1,31.3,29.2,31.9,,,30.375,3.8,,,0.0132
BETPOP_64,1/14/19,2/1/19,49.4,12/24/18,1/18/19,,,,,,,,,,54.3,35.5,28.3,28,30.6,,,30.6,4.9,,,0.0134
BETPOP_74,1/14/19,1/25/19,39.4,12/24/18,,,,,,,,,,,46.8,29.1,26.8,29.4,25.9,,,27.8,7.4,,,0.0105
BETPOP_84,1/21/19,2/4/19,45.1,12/24/18,1/25/19,,,,,,,,,,,,,,,,,#DIV/0!,-45.1,,,
BETPOP_94,1/11/19,2/4/19,46.2,12/24/18,,,,,,,,,,,,,,,,,,#DIV/0!,-46.2,,,
BETPOP_104,1/18/19,2/4/19,44.8,12/24/18,1/23/19,,,,,,,,,,,,,,,,,#DIV/0!,-44.8,,,
BETPOP_114,1/14/19,2/1/19,55.7,12/24/18,,,,,,,,,,,59.2,35.2,20.3,35.4,26.1,,,29.25,3.5,,,0.012
BETPOP_124,1/11/19,2/1/19,37.1,12/24/18,1/23/19,,,,,,,,,,45,41.4,39.7,51.4,38,,,42.625,7.9,,,0.0272
BETPOP_134,1/14/19,1/28/19,52.8,12/24/18,,,,,,,,,,,58.3,36.9,29.7,31.5,28.5,,,31.65,5.5,,,0.0145
BETPOP_144,1/11/19,2/1/19,43.8,12/24/18,1/18/19,,,,,,,,,,56.8,39.4,37.7,38.9,37,,,38.25,13,,,0.0219
BETPOP_154,1/9/19,1/28/19,51.7,12/24/18,,,,,,,,,,,63.2,27.9,31.2,31.4,34.7,,,31.3,11.5,,,0.0141
BETPOP_164,1/18/19,2/4/19,47,12/24/18,1/25/19,,,,,,,,,,,,,,,,,#DIV/0!,-47,,,
BETPOP_16,1/21/19,2/8/19,50.2,1/7/19,,,,,,,,,all before,,,,,,,,,#DIV/0!,-50.2,,,
BETPOP_26,1/30/19,2/13/19,48.8,1/7/19,2/4/19,,,,,,,,,,,,,,,,,#DIV/0!,-48.8,,,
BETPOP_36,1/23/19,2/8/19,36,1/7/19,,,,,,,,,,,,,,,,,,#DIV/0!,-36,,,
BETPOP_46,1/25/19,2/16/19,51.4,1/7/19,2/4/19,,,,,,,,,,,,,,,,,#DIV/0!,-51.4,,,
BETPOP_56,1/21/19,2/6/19,36.2,1/7/19,,,,,,,,,,,,,,,,,,#DIV/0!,-36.2,,,
BETPOP_66,1/30/19,2/13/19,54.8,1/7/19,2/4/19,,,,,,,,,,,,,,,,,#DIV/0!,-54.8,,,
BETPOP_76,1/25/19,2/11/19,59.1,1/7/19,,,,,,,,,,,,,,,,,,#DIV/0!,-59.1,,,
BETPOP_86,1/21/19,2/8/19,46,1/7/19,1/28/19,,,,,,,,,,,,,,,,,#DIV/0!,-46,,,
BETPOP_96,1/25/19,2/8/19,51.3,1/7/19,,,,,,,,,,,,,,,,,,#DIV/0!,-51.3,,,
BETPOP_106,1/23/19,2/8/19,34.2,1/7/19,2/1/19,,,,,,,,,,,,,,,,,#DIV/0!,-34.2,,,
BETPOP_116,1/23/19,2/8/19,43.6,1/7/19,,,,,,,,,,,,,,,,,,#DIV/0!,-43.6,,,
BETPOP_126,2/1/19,2/16/19,50,1/7/19,2/6/19,,,,,,,,,,,,,,,,,#DIV/0!,-50,,,
BETPOP_136,1/25/19,2/8/19,46.2,1/7/19,,,,,,,,,,,,,,,,,,#DIV/0!,-46.2,,,
BETPOP_146,1/25/19,2/8/19,47.4,1/7/19,2/1/19,,,,,,,,,,,,,,,,,#DIV/0!,-47.4,,,
BETPOP_156,1/23/19,2/8/19,56.8,1/7/19,,,,,,,,,,,,,,,,,,#DIV/0!,-56.8,,,
BETPOP_166,2/1/19,2/13/19,53.4,1/7/19,2/4/19,,,,,,,,,,,,,,,,,#DIV/0!,-53.4,,,
BETPOP_18,2/6/19,2/19/19,51.8,1/21/19,,,,,,,,,"8 budburst; 3 cont, 5 tx",,,,,,,,,#DIV/0!,-51.8,,,
BETPOP_28,2/8/19,2/22/19,54.1,1/21/19,2/11/19,,,,,,,,all frz before,,,,,,,,,#DIV/0!,-54.1,,,
BETPOP_38,2/11/19,2/22/19,46.6,1/21/19,,,,,,,,,,,,,,,,,,#DIV/0!,-46.6,,,
BETPOP_48,2/11/19,2/22/19,47.9,1/21/19,2/13/19,,,,,,,,,,,,,,,,,#DIV/0!,-47.9,,,
BETPOP_58,2/6/19,2/19/19,41.4,1/21/19,,,,,,,,,,,,,,,,,,#DIV/0!,-41.4,,,
BETPOP_68,2/8/19,2/22/19,53.4,1/21/19,2/13/19,,,,,,,,,,,,,,,,,#DIV/0!,-53.4,,,
BETPOP_78,2/4/19,2/16/19,51.6,1/21/19,,,,,,,,,,,,,,,,,,#DIV/0!,-51.6,,,
BETPOP_88,2/4/19,2/27/19,50.6,1/21/19,2/8/19,,,,,,,,,,,,,,,,,#DIV/0!,-50.6,,,
BETPOP_98,2/11/19,2/22/19,54.7,1/21/19,,,,,,,,,,,,,,,,,,#DIV/0!,-54.7,,,
BETPOP_108,2/6/19,2/22/19,55.2,1/21/19,2/11/19,,,,,,,,,,,,,,,,,#DIV/0!,-55.2,,,
BETPOP_118,2/4/19,2/16/19,49.8,1/21/19,,,,,,,,,,,,,,,,,,#DIV/0!,-49.8,,,
BETPOP_128,2/6/19,2/19/19,51.6,1/21/19,2/11/19,,,,,,,,,,,,,,,,,#DIV/0!,-51.6,,,
BETPOP_138,2/11/19,2/19/19,53.7,1/21/19,,,,,,,,,,,,,,,,,,#DIV/0!,-53.7,,,
BETPOP_148,2/6/19,2/19/19,46.3,1/21/19,2/11/19,,,,,,,,,,,,,,,,,#DIV/0!,-46.3,,,
BETPOP_158,2/4/19,2/16/19,49,1/21/19,,,,,,,,,,,,,,,,,,#DIV/0!,-49,,,
BETPOP_168,2/6/19,2/22/19,46.5,1/21/19,2/11/19,,,,,,,,,,,,,,,,,#DIV/0!,-46.5,,,
CORRAC_14,1/7/19,1/21/19,55.8,12/24/18,,,60.4,35,37.2,32,30.8,33.75,all before,,60.9,26.7,26.7,24,30.2,,,26.9,5.1,#DIV/0!,-8.175,0.0096
CORRAC_24,1/9/19,1/23/19,57.6,12/24/18,1/14/19,,,,,,,,,,57.1,29.4,37.2,30.3,25,22.7,25.5,28.35,-0.5,#DIV/0!,-16.3375,0.0111
CORRAC_34,1/7/19,1/25/19,61.1,12/24/18,,,,,,,,,,,62.7,32.5,31.4,31.9,32.5,,,32.075,1.6,,,0.015
CORRAC_44,1/23/19,2/8/19,31.8,12/24/18,1/28/19,,,,,,,,,,,,,,,,,#DIV/0!,-31.8,,,
CORRAC_54,1/7/19,1/18/19,34.2,12/24/18,,,43.4,32.4,35.4,32.7,37,34.375,,,47.9,29.8,33.3,25.9,31.2,,,30.05,13.7,,,0.0128
CORRAC_64,1/11/19,2/4/19,54.4,12/24/18,1/23/19,,,,,,,,,,,,,,,,,#DIV/0!,-54.4,,,
CORRAC_74,1/14/19,2/8/19,51.6,12/24/18,,,,,,,,,,,,,,,,,,#DIV/0!,-51.6,,,
CORRAC_84,1/23/19,2/6/19,51.8,12/24/18,1/28/19,,,,,,,,,,,,,,,,,#DIV/0!,-51.8,,,
CORRAC_94,1/11/19,1/30/19,54.1,12/24/18,,,,,,,,,,,59.1,27.4,28.2,28.5,32.1,,,29.05,5,,,0.0118
CORRAC_104,1/8/19,1/30/19,49.2,12/24/18,1/23/19,,,,,,,,,,48.3,32.1,31.3,36.4,30.3,*evidence of damage,,32.525,-0.9,,,0.0154
CORRAC_114,1/14/19,2/4/19,51.3,12/24/18,,,,,,,,,,,,,,,,,,#DIV/0!,-51.3,,,
CORRAC_124,1/2/19,1/21/19,58.2,12/24/18,1/8/19,,64.3,33.9,33.3,30.9,33.1,32.8,,,61.4,29.7,32.3,26,31.8,,,29.95,3.2,,,0.0127
CORRAC_134,1/4/19,1/21/19,53.6,12/24/18,,,62,25.9,25,33.2,30.6,28.675,,,60.4,18.4,21.5,24,20.9,,,21.2,6.8,,,0.0043
CORRAC_144,1/4/19,1/25/19,60.8,12/24/18,1/8/19,90%,,,,,,,,,63.7,39,34.9,36.6,36.3,,,36.7,2.9,,,0.0201
CORRAC_154,1/2/19,1/16/19,55.4,12/24/18,,,58.6,20.9,25.2,23.7,40.5,27.575,,,60.7,26.6,34.2,26.2,26,,,28.25,5.3,,,0.011
CORRAC_164,1/7/19,1/23/19,58.4,12/24/18,1/8/19,,,,,,,,,,61,37,31.8,35.4,27.1,,,32.825,2.6,,,0.0158
CORRAC_16,1/21/19,2/8/19,48.4,1/7/19,,,,,,,,,all before,,,,,,,,,#DIV/0!,-48.4,,,
CORRAC_26,1/28/19,2/19/19,39.5,1/7/19,2/6/19,,,,,,,,,,,,,,,,,#DIV/0!,-39.5,,,
CORRAC_36,1/21/19,2/6/19,57.6,1/7/19,,,,,,,,,,,,,,,,,,#DIV/0!,-57.6,,,
CORRAC_46,1/30/19,2/19/19,53.8,1/7/19,2/4/19,85%,,,,,,,,,,,,,,,,#DIV/0!,-53.8,,,
CORRAC_56,2/1/19,2/16/19,39.6,1/7/19,,,,,,,,,,,,,,,,,,#DIV/0!,-39.6,,,
CORRAC_66,1/21/19,2/6/19,39.1,1/7/19,1/28/19,,,,,,,,,,,,,,,,,#DIV/0!,-39.1,,,
CORRAC_76,1/23/19,2/6/19,52,1/7/19,,,,,,,,,,,,,,,,,,#DIV/0!,-52,,,
CORRAC_86,1/28/19,2/13/19,48.2,1/7/19,2/1/19,,,,,,,,,,,,,,,,,#DIV/0!,-48.2,,,
CORRAC_96,1/21/19,2/4/19,48.2,1/7/19,,,,,,,,,,,,,,,,,,#DIV/0!,-48.2,,,
CORRAC_106,1/28/19,2/19/19,51.2,1/7/19,2/4/19,,,,,,,,,,,,,,,,,#DIV/0!,-51.2,,,
CORRAC_116,1/21/19,2/11/19,51.4,1/7/19,,,,,,,,,,,,,,,,,,#DIV/0!,-51.4,,,
CORRAC_126,1/18/19,2/4/19,43.6,1/7/19,1/25/19,,,,,,,,,,,,,,,,,#DIV/0!,-43.6,,,
CORRAC_136,1/14/19,1/28/19,50.2,1/7/19,,,,,,,,,,,56.8,32.1,29.3,35.9,27.9,,,31.3,6.6,,,0.0141
CORRAC_146,1/16/19,2/6/19,50.2,1/7/19,1/25/19,,,,,,,,,,,,,,,,,#DIV/0!,-50.2,,,
CORRAC_156,1/21/19,2/8/19,45,1/7/19,,,,,,,,,,,,,,,,,,#DIV/0!,-45,,,
CORRAC_166,1/18/19,2/4/19,34.2,1/7/19,1/25/19,,,,,,,,,,,,,,,,,#DIV/0!,-34.2,,,
CORRAC_18,2/4/19,2/19/19,62.9,1/21/19,,,,,,,,,"8 budbursted; 5 tx, 3 cont",,,,,,,,,#DIV/0!,-62.9,,,
CORRAC_28,1/30/19,2/27/19,49.5,1/21/19,2/8/19,,,,,,,,all frz before,,,,,,,,,#DIV/0!,-49.5,,,
CORRAC_38,2/8/19,2/19/19,41.6,1/21/19,,,,,,,,,,,,,,,,,,#DIV/0!,-41.6,,,
CORRAC_48,2/8/19,2/22/19,50.3,1/21/19,2/15/19,,,,,,,,,,,,,,,,,#DIV/0!,-50.3,,,
CORRAC_58,2/16/19,2/27/19,49.6,1/21/19,,,,,,,,,,,,,,,,,,#DIV/0!,-49.6,,,
CORRAC_68,2/1/19,2/19/19,56,1/21/19,2/6/19,,,,,,,,,,,,,,,,,#DIV/0!,-56,,,
CORRAC_78,1/28/19,2/11/19,36.2,1/21/19,,,,,,,,,,,,,,,,,,#DIV/0!,-36.2,,,
CORRAC_88,2/6/19,2/22/19,40.6,1/21/19,2/11/19,,,,,,,,,,,,,,,,,#DIV/0!,-40.6,,,
CORRAC_98,2/13/19,2/22/19,55,1/21/19,,,,,,,,,,,,,,,,,,#DIV/0!,-55,,,
CORRAC_108,1/28/19,2/16/19,55.9,1/21/19,2/4/19,,,,,,,,,,,,,,,,,#DIV/0!,-55.9,,,
CORRAC_118,1/28/19,2/11/19,53.4,1/21/19,,,,,,,,,,,,,,,,,,#DIV/0!,-53.4,,,
CORRAC_128,2/4/19,2/25/19,47.3,1/21/19,2/15/19,90%,,,,,,,,,,,,,,,,#DIV/0!,-47.3,,,
CORRAC_138,1/30/19,2/16/19,60.4,1/21/19,,,,,,,,,,,,,,,,,,#DIV/0!,-60.4,,,
CORRAC_148,2/4/19,2/22/19,55.6,1/21/19,2/11/19,,,,,,,,,,,,,,,,,#DIV/0!,-55.6,,,
CORRAC_158,2/4/19,2/25/19,50.2,1/21/19,,,,,,,,,,,,,,,,,,#DIV/0!,-50.2,,,
CORRAC_168,1/28/19,2/19/19,58.6,1/21/19,2/4/19,90%,,,,,,,,,,,,,,,,#DIV/0!,-58.6,,,
FAGGRA_14,,,,12/24/18,,,,,,,,,no budburst,,,,,,,,,#DIV/0!,0,,,
FAGGRA_24,2/27/19,3/15/19,45,12/24/18,3/4/19,,,,,,,,,,,,,,,,,#DIV/0!,-45,,,
FAGGRA_34,2/25/19,3/6/19,40.2,12/24/18,,,,,,,,,,,,,,,,,,#DIV/0!,-40.2,,,
FAGGRA_44,3/1/19,3/18/19,26.9,12/24/18,3/4/19,,,,,,,,,,,,,,,,,#DIV/0!,-26.9,,,
FAGGRA_54,,,,12/24/18,,,,,,,,,,,,,,,,,,#DIV/0!,0,,,
FAGGRA_64,,,,12/24/18,,,,,,,,,,,,,,,,,,#DIV/0!,0,,,
FAGGRA_74,4/1/19,,,12/24/18,,,,,,,,,,,,,,,,,,#DIV/0!,0,,,
FAGGRA_84,,,,12/24/18,,,,,,,,,,,,,,,,,,#DIV/0!,0,,,
FAGGRA_94,,,,12/24/18,,,,,,,,,,,,,,,,,,#DIV/0!,0,,,
FAGGRA_104,3/4/19,3/29/19,34.1,12/24/18,3/8/19,,,,,,,,,,,,,,,,,#DIV/0!,-34.1,,,
FAGGRA_114,3/15/19,3/29/19,27.7,12/24/18,,,,,,,,,,,,,,,,,,#DIV/0!,-27.7,,,
FAGGRA_124,,,,12/24/18,,,,,,,,,,,,,,,,,,#DIV/0!,0,,,
FAGGRA_134,3/18/19,3/29/19,30.3,12/24/18,,,,,,,,,,,,,,,,,,#DIV/0!,-30.3,,,
FAGGRA_144,,,,12/24/18,,,,,,,,,,,,,,,,,,#DIV/0!,0,,,
FAGGRA_154,,,,12/24/18,,,,,,,,,,,,,,,,,,#DIV/0!,0,,,
FAGGRA_164,,,,12/24/18,,,,,,,,,,,,,,,,,,#DIV/0!,0,,,
FAGGRA_16,3/29/19,,,1/7/19,,,,,,,,,no budburst,,,,,,,,,#DIV/0!,0,,,
FAGGRA_26,3/12/19,3/27/19,35.9,1/7/19,3/18/19,,,,,,,,,,,,,,,,,#DIV/0!,-35.9,,,
FAGGRA_36,,,,1/7/19,,,,,,,,,,,,,,,,,,#DIV/0!,0,,,
FAGGRA_46,,,,1/7/19,,,,,,,,,,,,,,,,,,#DIV/0!,0,,,
FAGGRA_56,,,,1/7/19,,,,,,,,,,,,,,,,,,#DIV/0!,0,,,
FAGGRA_66,,,,1/7/19,,,,,,,,,,,,,,,,,,#DIV/0!,0,,,
FAGGRA_76,3/8/19,3/18/19,29.2,1/7/19,,,,,,,,,,,,,,,,,,#DIV/0!,-29.2,,,
FAGGRA_86,,,,1/7/19,,,,,,,,,,,,,,,,,,#DIV/0!,0,,,
FAGGRA_96,3/11/19,3/22/19,38.6,1/7/19,,,,,,,,,,,,,,,,,,#DIV/0!,-38.6,,,
FAGGRA_106,,,,1/7/19,,,,,,,,,,,,,,,,,,#DIV/0!,0,,,
FAGGRA_116,,,,1/7/19,,,,,,,,,,,,,,,,,,#DIV/0!,0,,,
FAGGRA_126,,,,1/7/19,,,,,,,,,,,,,,,,,,#DIV/0!,0,,,
FAGGRA_136,3/1/19,3/11/19,20.1,1/7/19,,,,,,,,,,,,,,,,,,#DIV/0!,-20.1,,,
FAGGRA_146,,,,1/7/19,,,,,,,,,,,,,,,,,,#DIV/0!,0,,,
FAGGRA_156,3/11/19,3/18/19,21.9,1/7/19,,,,,,,,,,,,,,,,,,#DIV/0!,-21.9,,,
FAGGRA_166,,,,1/7/19,,,,,,,,,,,,,,,,,,#DIV/0!,0,,,
FAGGRA_18,,,,1/21/19,,,,,,,,,no budburst,,,,,,,,,#DIV/0!,0,,,
FAGGRA_28,,,,1/21/19,,,,,,,,,,,,,,,,,,#DIV/0!,0,,,
FAGGRA_38,,,,1/21/19,,,,,,,,,,,,,,,,,,#DIV/0!,0,,,
FAGGRA_48,,,,1/21/19,,,,,,,,,,,,,,,,,,#DIV/0!,0,,,
FAGGRA_58,,,,1/21/19,,,,,,,,,,,,,,,,,,#DIV/0!,0,,,
FAGGRA_68,,,,1/21/19,,,,,,,,,,,,,,,,,,#DIV/0!,0,,,
FAGGRA_78,,,,1/21/19,,,,,,,,,,,,,,,,,,#DIV/0!,0,,,
FAGGRA_88,,,,1/21/19,,,,,,,,,,,,,,,,,,#DIV/0!,0,,,
FAGGRA_98,,,,1/21/19,,,,,,,,,,,,,,,,,,#DIV/0!,0,,,
FAGGRA_108,,,,1/21/19,,,,,,,,,,,,,,,,,,#DIV/0!,0,,,
FAGGRA_118,,,,1/21/19,,,,,,,,,,,,,,,,,,#DIV/0!,0,,,
FAGGRA_128,,,,1/21/19,,,,,,,,,,,,,,,,,,#DIV/0!,0,,,
FAGGRA_138,,,,1/21/19,,,,,,,,,,,,,,,,,,#DIV/0!,0,,,
FAGGRA_148,,,,1/21/19,,,,,,,,,,,,,,,,,,#DIV/0!,0,,,
FAGGRA_158,,,,1/21/19,,,,,,,,,,,,,,,,,,#DIV/0!,0,,,
FAGGRA_168,,,,1/21/19,,,,,,,,,,,,,,,,,,#DIV/0!,0,,,
NYSSYL_14,,,,12/24/18,,,,,,,,,1 full leafout,,,,,,,,,#DIV/0!,0,,,
NYSSYL_24,,,,12/24/18,,,,,,,,,"6 budburst; 3 cont, 3 frz",,,,,,,,,#DIV/0!,0,,,
NYSSYL_34,,,,12/24/18,,,,,,,,,one in growth chamber during,,,,,,,,,#DIV/0!,0,,,
NYSSYL_44,,,,12/24/18,,,,,,,,,2 frz before,,,,,,,,,#DIV/0!,0,,,
NYSSYL_54,,,,12/24/18,,,,,,,,,,,,,,,,,,#DIV/0!,0,,,
NYSSYL_64,,,,12/24/18,,,,,,,,,,,,,,,,,,#DIV/0!,0,,,
NYSSYL_74,1/30/19,3/8/19,28.5,12/24/18,,,,,,,,,,,,,,,,,,#DIV/0!,-28.5,,,
NYSSYL_84,,,,12/24/18,,,,,,,,,,,,,,,,,,#DIV/0!,0,,,
NYSSYL_94,,,,12/24/18,,,,,,,,,,,,,,,,,,#DIV/0!,0,,,
NYSSYL_104,1/30/19,3/18/19,26.7,12/24/18,2/13/19,,,,,,,,,,,,,,,,,#DIV/0!,-26.7,,,
NYSSYL_114,1/30/19,3/4/19,21.8,12/24/18,,,,,,,,,,,,,,,,,,#DIV/0!,-21.8,,,
NYSSYL_124,2/11/19,3/29/19,25.4,12/24/18,2/19/19,,,,,,,,,,,,,,,,,#DIV/0!,-25.4,,,
NYSSYL_134,,,,12/24/18,,,,,,,,,,,,,,,,,,#DIV/0!,0,,,
NYSSYL_144,1/30/19,3/27/19,32.2,12/24/18,2/13/19,,,,,,,,,,,,,,,,,#DIV/0!,-32.2,,,
NYSSYL_154,1/30/19,2/19/19,23.6,12/24/18,,,,,,,,,,,,,,,,,,#DIV/0!,-23.6,,,
NYSSYL_164,,,,12/24/18,,,,,,,,,,,,,,,,,,#DIV/0!,0,,,
NYSSYL_16,,,,1/7/19,,,,,,,,,no budburst,,,,,,,,,#DIV/0!,0,,,
NYSSYL_26,,,,1/7/19,,,,,,,,,,,,,,,,,,#DIV/0!,0,,,
NYSSYL_36,,,,1/7/19,,,,,,,,,,,,,,,,,,#DIV/0!,0,,,
NYSSYL_46,,,,1/7/19,,,,,,,,,,,,,,,,,,#DIV/0!,0,,,
NYSSYL_56,,,,1/7/19,,,,,,,,,,,,,,,,,,#DIV/0!,0,,,
NYSSYL_66,,,,1/7/19,,,,,,,,,,,,,,,,,,#DIV/0!,0,,,
NYSSYL_76,,,,1/7/19,,,,,,,,,,,,,,,,,,#DIV/0!,0,,,
NYSSYL_86,,,,1/7/19,,,,,,,,,,,,,,,,,,#DIV/0!,0,,,
NYSSYL_96,,,,1/7/19,,,,,,,,,,,,,,,,,,#DIV/0!,0,,,
NYSSYL_106,,,,1/7/19,,,,,,,,,,,,,,,,,,#DIV/0!,0,,,
NYSSYL_116,,,,1/7/19,,,,,,,,,,,,,,,,,,#DIV/0!,0,,,
NYSSYL_126,,,,1/7/19,,,,,,,,,,,,,,,,,,#DIV/0!,0,,,
NYSSYL_136,,,,1/7/19,,,,,,,,,,,,,,,,,,#DIV/0!,0,,,
NYSSYL_146,,,,1/7/19,,,,,,,,,,,,,,,,,,#DIV/0!,0,,,
NYSSYL_156,,,,1/7/19,,,,,,,,,,,,,,,,,,#DIV/0!,0,,,
NYSSYL_166,,,,1/7/19,,,,,,,,,,,,,,,,,,#DIV/0!,0,,,
NYSSYL_18,,,,1/21/19,,,,,,,,,no budburst,,,,,,,,,#DIV/0!,0,,,
NYSSYL_28,,,,1/21/19,,,,,,,,,,,,,,,,,,#DIV/0!,0,,,
NYSSYL_38,,,,1/21/19,,,,,,,,,,,,,,,,,,#DIV/0!,0,,,
NYSSYL_48,2/25/19,,,1/21/19,3/4/19,,,,,,,,,,,,,,,,,#DIV/0!,0,,,
NYSSYL_58,,,,1/21/19,,,,,,,,,,,,,,,,,,#DIV/0!,0,,,
NYSSYL_68,,,,1/21/19,,,,,,,,,,,,,,,,,,#DIV/0!,0,,,
NYSSYL_78,,,,1/21/19,,,,,,,,,,,,,,,,,,#DIV/0!,0,,,
NYSSYL_88,,,,1/21/19,,,,,,,,,,,,,,,,,,#DIV/0!,0,,,
NYSSYL_98,,,,1/21/19,,,,,,,,,,,,,,,,,,#DIV/0!,0,,,
NYSSYL_108,,,,1/21/19,,,,,,,,,,,,,,,,,,#DIV/0!,0,,,
NYSSYL_118,,,,1/21/19,,,,,,,,,,,,,,,,,,#DIV/0!,0,,,
NYSSYL_128,,,,1/21/19,,,,,,,,,,,,,,,,,,#DIV/0!,0,,,
NYSSYL_138,,,,1/21/19,,,,,,,,,,,,,,,,,,#DIV/0!,0,,,
NYSSYL_148,2/27/19,,,1/21/19,3/4/19,,,,,,,,,,,,,,,,,#DIV/0!,0,,,
NYSSYL_158,,,,1/21/19,,,,,,,,,,,,,,,,,,#DIV/0!,0,,,
NYSSYL_168,,,,1/21/19,,,,,,,,,,,,,,,,,,#DIV/0!,0,,,
SALPUR_14,1/7/19,1/14/19,28.8,12/24/18,,,56.8,44.2,41.2,37.6,45.5,42.125,all before,,74.9,22.9,49.6,46.9,41.4,,,40.2,46.1,44.975,41.2875,0.0242
SALPUR_24,1/7/19,1/18/19,35,12/24/18,1/8/19,,62.2,41.1,40.4,45.6,42.1,42.3,,,89.1,47.1,47,42.5,34,,,42.65,54.1,42.8375,44.275,0.0273
SALPUR_34,1/2/19,1/14/19,25.6,12/24/18,,,54.6,51.4,50.3,52.2,39.9,48.45,,,75.9,46.9,42.4,50,47.4,,,46.675,50.3,,,0.0325
SALPUR_44,1/2/19,1/16/19,18.2,12/24/18,1/4/19,,51.2,43.9,42.7,52.8,43.9,45.825,,,77.2,52.6,44,52,49.1,,,49.425,59,,,0.0362
SALPUR_54,1/7/19,1/16/19,26.8,12/24/18,,,51.6,46.2,43.4,44.1,46.5,45.05,,,64.9,39.8,41.2,35.9,45.1,,,40.5,38.1,,,0.0246
SALPUR_64,1/2/19,1/14/19,19.2,12/24/18,1/4/19,,48,29.4,41.9,51.5,40.5,40.825,,,77.3,44.2,35,37.5,40.4,,,39.275,58.1,,,0.0231
SALPUR_74,1/4/19,1/14/19,15.8,12/24/18,,,39.6,41.6,41,41.9,27,37.875,,,60.5,47.5,46.6,42.6,41.6,,,44.575,44.7,,,0.0297
SALPUR_84,1/2/19,1/16/19,23.8,12/24/18,1/4/19,,39.8,39.7,33.6,39.4,37.9,37.65,,,62.5,46.2,45.2,43.4,45.7,,,45.125,38.7,,,0.0304
SALPUR_94,1/7/19,1/14/19,23.4,12/24/18,,,52.2,40.9,44.3,46.4,44.5,44.025,,,67.1,53.9,42.6,43.3,38.3,,,44.525,43.7,,,0.0297
SALPUR_104,1/7/19,1/18/19,24.6,12/24/18,1/7/19,,46.8,40.9,44.3,46.4,44.5,44.025,,,66,37.4,29.6,47.1,46.4,,,40.125,41.4,,,0.0242
SALPUR_114,1/4/19,1/14/19,20.2,12/24/18,,,40.2,37.6,44.3,44,42.3,42.05,,,52.2,42.9,45.5,52.3,40.6,,,45.325,32,,,0.0307
SALPUR_124,1/4/19,1/14/19,33.8,12/24/18,1/7/19,,55.8,34.8,44.7,37.4,42.9,39.95,,,70.9,42.8,37.6,39.4,39.5,,,39.825,37.1,,,0.0238
SALPUR_134,1/4/19,1/14/19,18.4,12/24/18,,,47.2,41.9,50.2,46.7,52.3,47.775,,,60.1,54.3,47.8,46.5,50.1,,,49.675,41.7,,,0.0365
SALPUR_144,1/7/19,1/25/19,27.2,12/24/18,1/7/19,90%,56.6,39.6,47.9,45.4,48.2,45.275,,,61.6,24.3,46,50.2,30.6,,,37.775,34.4,,,0.0214
SALPUR_154,1/2/19,1/8/19,26.4,12/24/18,,,55.4,51,40,50.6,48.9,47.625,,,60.1,37.3,48.6,57,50.4,,,48.325,33.7,,,0.0347
SALPUR_164,1/7/19,1/18/19,31.8,12/24/18,1/7/19,,,,,,,,,,63.2,46.2,51,51.5,45.3,,,48.5,31.4,,,0.0349
SALPUR_16,1/16/19,1/28/19,18.8,1/7/19,,,,,,,,,all before,,87.2,44,41.9,46.5,47.9,,,45.075,68.4,,,0.0304
SALPUR_26,1/21/19,2/8/19,31.8,1/7/19,1/28/19,,,,,,,,,,,,,,,,,#DIV/0!,-31.8,,,
SALPUR_36,1/16/19,2/1/19,22.3,1/7/19,,,,,,,,,,,79.4,44.9,45.8,43.8,46.3,,,45.2,57.1,,,0.0305
SALPUR_46,1/16/19,2/1/19,18.4,1/7/19,1/23/19,,,,,,,,,,84.9,45.4,43.4,14,45.1,,,36.975,66.5,,,0.0204
SALPUR_56,1/18/19,2/4/19,29.4,1/7/19,,,,,,,,,,,,,,,,,,#DIV/0!,-29.4,,,
SALPUR_66,1/16/19,2/1/19,19.6,1/7/19,1/25/19,,,,,,,,,,75.1,43.1,41.1,42.6,26.7,,,38.375,55.5,,,0.0221
SALPUR_76,1/18/19,2/1/19,22.2,1/7/19,,,,,,,,,,,73.9,44.5,38.1,40.2,39.7,,,40.625,51.7,,,0.0248
SALPUR_86,1/14/19,2/6/19,25.8,1/7/19,1/23/19,,,,,,,,,,,,,,,,,#DIV/0!,-25.8,,,
SALPUR_96,1/16/19,2/6/19,24.2,1/7/19,,,,,,,,,,,,,,,,,,#DIV/0!,-24.2,,,
SALPUR_106,1/18/19,2/8/19,20.4,1/7/19,1/23/19,,,,,,,,,,,,,,,,,#DIV/0!,-20.4,,,
SALPUR_116,1/21/19,2/4/19,27.8,1/7/19,,,,,,,,,,,,,,,,,,#DIV/0!,-27.8,,,
SALPUR_126,1/18/19,2/4/19,29.6,1/7/19,1/25/19,,,,,,,,,,,,,,,,,#DIV/0!,-29.6,,,
SALPUR_136,1/16/19,1/28/19,28.6,1/7/19,,,,,,,,,,,88.7,40.6,44.5,51,48.1,,,46.05,60.1,,,0.0316
SALPUR_146,1/16/19,2/4/19,25.6,1/7/19,1/23/19,,,,,,,,,,,,,,,,,#DIV/0!,-25.6,,,
SALPUR_156,1/18/19,1/28/19,25.4,1/7/19,,,,,,,,,,,72.9,46.4,31.4,47.1,44.7,,,42.4,47.5,,,0.027
SALPUR_166,1/18/19,2/6/19,25.2,1/7/19,1/23/19,90%,,,,,,,,,,,,,,,,#DIV/0!,-25.2,,,
SALPUR_18,1/30/19,2/11/19,26,1/21/19,,,,,,,,,all before,,,,,,,,,#DIV/0!,-26,,,
SALPUR_28,1/30/19,2/15/19,24.1,1/21/19,2/6/19,,,,,,,,,,,,,,,,,#DIV/0!,-24.1,,,
SALPUR_38,1/30/19,2/15/19,21.2,1/21/19,,,,,,,,,,,,,,,,,,#DIV/0!,-21.2,,,
SALPUR_48,1/30/19,2/13/19,26,1/21/19,2/4/19,,,,,,,,,,,,,,,,,#DIV/0!,-26,,,
SALPUR_58,1/30/19,2/11/19,25.6,1/21/19,,,,,,,,,,,,,,,,,,#DIV/0!,-25.6,,,
SALPUR_68,1/30/19,2/13/19,27.4,1/21/19,2/4/19,,,,,,,,,,,,,,,,,#DIV/0!,-27.4,,,
SALPUR_78,2/1/19,2/13/19,27.4,1/21/19,,,,,,,,,,,,,,,,,,#DIV/0!,-27.4,,,
SALPUR_88,1/25/19,2/11/19,18.2,1/21/19,2/4/19,,,,,,,,,,,,,,,,,#DIV/0!,-18.2,,,
SALPUR_98,2/1/19,2/11/19,21,1/21/19,,,,,,,,,,,,,,,,,,#DIV/0!,-21,,,
SALPUR_108,1/30/19,2/15/19,34,1/21/19,2/6/19,,,,,,,,,,,,,,,,,#DIV/0!,-34,,,
SALPUR_118,1/30/19,2/13/19,25.4,1/21/19,,,,,,,,,,,,,,,,,,#DIV/0!,-25.4,,,
SALPUR_128,1/30/19,2/13/19,32.6,1/21/19,2/4/19,,,,,,,,,,,,,,,,,#DIV/0!,-32.6,,,
SALPUR_138,1/28/19,2/11/19,28.2,1/21/19,,,,,,,,,,,,,,,,,,#DIV/0!,-28.2,,,
SALPUR_148,2/4/19,2/16/19,26.2,1/21/19,2/6/19,90%,,,,,,,,,,,,,,,,#DIV/0!,-26.2,,,
SALPUR_158,1/25/19,2/8/19,22.4,1/21/19,,,,,,,,,,,,,,,,,,#DIV/0!,-22.4,,,
SALPUR_168,,,,,,MISSING,,,,,,,,,,,,,,,,#DIV/0!,0,,,
SORAME_14,2/11/19,2/22/19,46,12/24/18,,,,,,,,,10 full leaf out,,,,,,,,,#DIV/0!,-46,,,
SORAME_24,2/8/19,2/22/19,65.4,12/24/18,2/11/19,,,,,,,,1 no budburst,,,,,,,,,#DIV/0!,-65.4,,,
SORAME_34,2/22/19,,,12/24/18,,,,,,,,,"5 budburst; 1 cont, 4 frz",,,,,,,,,#DIV/0!,0,,,
SORAME_44,1/25/19,2/8/19,49.8,12/24/18,1/28/19,,,,,,,,1 in growth chamber,,,,,,,,,#DIV/0!,-49.8,,,
SORAME_54,1/23/19,2/11/19,48.8,12/24/18,,,,,,,,,all frz before,,,,,,,,,#DIV/0!,-48.8,,,
SORAME_64,2/16/19,3/4/19,48.6,12/24/18,2/19/19,,,,,,,,,,,,,,,,,#DIV/0!,-48.6,,,
SORAME_74,1/25/19,2/11/19,54.6,12/24/18,,,,,,,,,,,,,,,,,,#DIV/0!,-54.6,,,
SORAME_84,1/25/19,2/11/19,38.6,12/24/18,1/28/19,,,,,,,,,,,,,,,,,#DIV/0!,-38.6,,,
SORAME_94,1/23/19,2/8/19,44.8,12/24/18,,,,,,,,,,,,,,,,,,#DIV/0!,-44.8,,,
SORAME_104,2/8/19,2/22/19,39.4,12/24/18,2/11/19,,,,,,,,,,,,,,,,,#DIV/0!,-39.4,,,
SORAME_114,2/4/19,2/13/19,40.4,12/24/18,,,,,,,,,,,,,,,,,,#DIV/0!,-40.4,,,
SORAME_124,2/4/19,3/4/19,56.6,12/24/18,2/8/19,,,,,,,,,,,,,,,,,#DIV/0!,-56.6,,,
SORAME_134,1/23/19,2/11/19,55.4,12/24/18,,,,,,,,,,,,,,,,,,#DIV/0!,-55.4,,,
SORAME_144,1/18/19,2/13/19,43.4,12/24/18,1/25/19,90%,,,,,,,,,,,,,,,,#DIV/0!,-43.4,,,
SORAME_154,1/30/19,2/11/19,59.2,12/24/18,,,,,,,,,,,,,,,,,,#DIV/0!,-59.2,,,
SORAME_164,1/25/19,2/11/19,58.4,12/24/18,1/28/19,,,,,,,,,,,,,,,,,#DIV/0!,-58.4,,,
SORAME_16,2/11/19,2/25/19,57.6,1/7/19,,,,,,,,,1 no budburst,,,,,,,,,#DIV/0!,-57.6,,,
SORAME_26,2/16/19,3/1/19,50.9,1/7/19,2/19/19,,,,,,,,"12 budburst; 5 cont, 7 frz",,,,,,,,,#DIV/0!,-50.9,,,
SORAME_36,2/8/19,2/19/19,50.4,1/7/19,,,,,,,,,2 in growth chamber,,,,,,,,,#DIV/0!,-50.4,,,
SORAME_46,2/8/19,2/22/19,45.4,1/7/19,2/11/19,,,,,,,,1 frz after,,,,,,,,,#DIV/0!,-45.4,,,
SORAME_56,2/19/19,3/1/19,50.6,1/7/19,,,,,,,,,,,,,,,,,,#DIV/0!,-50.6,,,
SORAME_66,2/22/19,3/4/19,58.3,1/7/19,2/22/19,,,,,,,,,,,,,,,,,#DIV/0!,-58.3,,,
SORAME_76,2/13/19,2/25/19,58.3,1/7/19,,,,,,,,,,,,,,,,,,#DIV/0!,-58.3,,,
SORAME_86,2/13/19,2/27/19,50.4,1/7/19,2/15/19,,,,,,,,,,,,,,,,,#DIV/0!,-50.4,,,
SORAME_96,2/11/19,2/19/19,43.7,1/7/19,,,,,,,,,,,,,,,,,,#DIV/0!,-43.7,,,
SORAME_106,2/4/19,2/19/19,44.8,1/7/19,2/6/19,,,,,,,,,,,,,,,,,#DIV/0!,-44.8,,,
SORAME_116,2/13/19,2/25/19,57.2,1/7/19,,,,,,,,,,,,,,,,,,#DIV/0!,-57.2,,,
SORAME_126,2/19/19,3/1/19,44.1,1/7/19,2/19/19,,,,,,,,,,,,,,,,,#DIV/0!,-44.1,,,
SORAME_136,2/16/19,2/25/19,51.1,1/7/19,,,,,,,,,,,,,,,,,,#DIV/0!,-51.1,,,
SORAME_146,2/11/19,2/25/19,58.5,1/7/19,2/15/19,,,,,,,,,,,,,,,,,#DIV/0!,-58.5,,,
SORAME_156,1/30/19,2/16/19,52.6,1/7/19,,,,,,,,,,,,,,,,,,#DIV/0!,-52.6,,,
SORAME_166,2/11/19,2/27/19,44.1,1/7/19,2/13/19,,,,,,,,,,,,,,,,,#DIV/0!,-44.1,,,
SORAME_18,2/22/19,3/6/19,47.7,1/21/19,,,,,,,,,10 budburst after,,,,,,,,,#DIV/0!,-47.7,,,
SORAME_28,3/4/19,3/15/19,45.2,1/21/19,3/4/19,,,,,,,,"6 budburst; 3 cont, 3 frz",,,,,,,,,#DIV/0!,-45.2,,,
SORAME_38,2/25/19,3/11/19,57.7,1/21/19,,,,,,,,,all frz after,,,,,,,,,#DIV/0!,-57.7,,,
SORAME_48,2/19/19,3/4/19,46.8,1/21/19,2/22/19,,,,,,,,,,,,,,,,,#DIV/0!,-46.8,,,
SORAME_58,2/25/19,3/8/19,39.9,1/21/19,,,,,,,,,,,,,,,,,,#DIV/0!,-39.9,,,
SORAME_68,2/16/19,3/11/19,54.1,1/21/19,2/22/19,,,,,,,,,,,,,,,,,#DIV/0!,-54.1,,,
SORAME_78,2/16/19,3/1/19,45.2,1/21/19,,,,,,,,,,,,,,,,,,#DIV/0!,-45.2,,,
SORAME_88,2/25/19,3/11/19,49,1/21/19,2/25/19,,,,,,,,,,,,,,,,,#DIV/0!,-49,,,
SORAME_98,2/19/19,3/6/19,58.5,1/21/19,,,,,,,,,,,,,,,,,,#DIV/0!,-58.5,,,
SORAME_108,3/4/19,3/15/19,61.5,1/21/19,3/4/19,,,,,,,,,,,,,,,,,#DIV/0!,-61.5,,,
SORAME_118,2/22/19,3/4/19,40.5,1/21/19,,,,,,,,,,,,,,,,,,#DIV/0!,-40.5,,,
SORAME_128,2/22/19,3/8/19,47.6,1/21/19,2/22/19,,,,,,,,,,,,,,,,,#DIV/0!,-47.6,,,
SORAME_138,2/25/19,3/8/19,45,1/21/19,,,,,,,,,,,,,,,,,,#DIV/0!,-45,,,
SORAME_148,2/25/19,3/6/19,48.4,1/21/19,,,,,,,,,,,,,,,,,,#DIV/0!,-48.4,,,
SORAME_158,2/19/19,3/4/19,42.9,1/21/19,,,,,,,,,,,,,,,,,,#DIV/0!,-42.9,,,
SORAME_168,2/19/19,3/6/19,48.9,1/21/19,2/25/19,,,,,,,,,,,,,,,,,#DIV/0!,-48.9,,,
VIBDEN_14,1/30/19,2/22/19,21.1,12/24/18,,,,,,,,,5 full leaf out,,,,,,,,,#DIV/0!,-21.1,,,
VIBDEN_24,1/25/19,2/13/19,25,12/24/18,2/1/19,,,,,,,,1 no budburst,,,,,,,,,#DIV/0!,-25,,,
VIBDEN_34,2/11/19,2/22/19,33.6,12/24/18,,,,,,,,,"10 budburst; 6 cont, 4 frz",,,,,,,,,#DIV/0!,-33.6,,,
VIBDEN_44,1/30/19,2/22/19,29.5,12/24/18,2/6/19,,,,,,,,"6 frz before, 1 after, 1 no bb",,,,,,,,,#DIV/0!,-29.5,,,
VIBDEN_54,1/23/19,2/8/19,19.5,12/24/18,,,,,,,,,,,,,,,,,,#DIV/0!,-19.5,,,
VIBDEN_64,2/6/19,3/4/19,,12/24/18,2/11/19,,,,,,,,,,,,,,,,,#DIV/0!,0,,,
VIBDEN_74,2/6/19,2/22/19,32.2,12/24/18,,,,,,,,,,,,,,,,,,#DIV/0!,-32.2,,,
VIBDEN_84,,,,12/24/18,,,,,,,,,,,,,,,,,,#DIV/0!,0,,,
VIBDEN_94,1/28/19,2/16/19,33.6,12/24/18,,,,,,,,,,,,,,,,,,#DIV/0!,-33.6,,,
VIBDEN_104,1/28/19,2/16/19,26.8,12/24/18,2/1/19,90%,,,,,,,,,,,,,,,,#DIV/0!,-26.8,,,
VIBDEN_114,2/1/19,3/4/19,22.2,12/24/18,,,,,,,,,,,,,,,,,,#DIV/0!,-22.2,,,
VIBDEN_124,1/23/19,3/4/19,18,12/24/18,2/1/19,,,,,,,,,,,,,,,,,#DIV/0!,-18,,,
VIBDEN_134,2/16/19,3/4/19,27.6,12/24/18,,,,,,,,,,,,,,,,,,#DIV/0!,-27.6,,,
VIBDEN_144,1/25/19,2/22/19,24.7,12/24/18,2/4/19,,,,,,,,,,,,,,,,,#DIV/0!,-24.7,,,
VIBDEN_154,2/4/19,2/27/19,33,12/24/18,,,,,,,,,,,,,,,,,,#DIV/0!,-33,,,
VIBDEN_164,2/19/19,3/11/19,24.2,12/24/18,2/27/19,,,,,,,,,,,,,,,,,#DIV/0!,-24.2,,,
VIBDEN_16,1/28/19,2/11/19,25.6,1/7/19,,,,,,,,,"10 budburst; 7 frz, 3 cont",,,,,,,,,#DIV/0!,-25.6,,,
VIBDEN_26,2/6/19,2/22/19,27.9,1/7/19,2/11/19,,,,,,,,2 in growth chamber,,,,,,,,,#DIV/0!,-27.9,,,
VIBDEN_36,2/11/19,2/22/19,28.4,1/7/19,,,,,,,,,rest frz before,,,,,,,,,#DIV/0!,-28.4,,,
VIBDEN_46,2/6/19,2/22/19,34.8,1/7/19,2/13/19,,,,,,,,,,,,,,,,,#DIV/0!,-34.8,,,
VIBDEN_56,1/30/19,2/16/19,35.1,1/7/19,,,,,,,,,,,,,,,,,,#DIV/0!,-35.1,,,
VIBDEN_66,2/6/19,2/25/19,26.4,1/7/19,2/13/19,,,,,,,,,,,,,,,,,#DIV/0!,-26.4,,,
VIBDEN_76,2/1/19,2/19/19,22.7,1/7/19,,,,,,,,,,,,,,,,,,#DIV/0!,-22.7,,,
VIBDEN_86,2/16/19,3/4/19,27,1/7/19,2/19/19,,,,,,,,,,,,,,,,,#DIV/0!,-27,,,
VIBDEN_96,2/4/19,2/19/19,20.4,1/7/19,,,,,,,,,,,,,,,,,,#DIV/0!,-20.4,,,
VIBDEN_106,1/28/19,2/19/19,25.9,1/7/19,2/4/19,,,,,,,,,,,,,,,,,#DIV/0!,-25.9,,,
VIBDEN_116,2/11/19,3/4/19,34.3,1/7/19,,,,,,,,,,,,,,,,,,#DIV/0!,-34.3,,,
VIBDEN_126,2/8/19,2/22/19,32.7,1/7/19,2/13/19,,,,,,,,,,,,,,,,,#DIV/0!,-32.7,,,
VIBDEN_136,2/16/19,2/27/19,22.5,1/7/19,,,,,,,,,,,,,,,,,,#DIV/0!,-22.5,,,
VIBDEN_146,2/8/19,2/22/19,31.6,1/7/19,2/11/19,,,,,,,,,,,,,,,,,#DIV/0!,-31.6,,,
VIBDEN_156,2/1/19,2/19/19,25,1/7/19,,,,,,,,,,,,,,,,,,#DIV/0!,-25,,,
VIBDEN_166,2/11/19,3/4/19,30.7,1/7/19,2/19/19,,,,,,,,,,,,,,,,,#DIV/0!,-30.7,,,
VIBDEN_18,2/6/19,2/19/19,20.3,1/21/19,,,,,,,,,"15 budburst; 8 frz, 7 cont",,,,,,,,,#DIV/0!,-20.3,,,
VIBDEN_28,2/6/19,2/22/19,23.6,1/21/19,2/11/19,,,,,,,,2 in growth chamber,,,,,,,,,#DIV/0!,-23.6,,,
VIBDEN_38,2/11/19,2/27/19,32.4,1/21/19,,,,,,,,,2 frz before,,,,,,,,,#DIV/0!,-32.4,,,
VIBDEN_48,2/15/19,3/8/19,29.4,1/21/19,2/22/19,,,,,,,,,,,,,,,,,#DIV/0!,-29.4,,,
VIBDEN_58,2/11/19,2/22/19,26.4,1/21/19,,,,,,,,,,,,,,,,,,#DIV/0!,-26.4,,,
VIBDEN_68,2/8/19,3/6/19,32.4,1/21/19,2/22/19,,,,,,,,,,,,,,,,,#DIV/0!,-32.4,,,
VIBDEN_78,2/11/19,2/25/19,35.4,1/21/19,,,,,,,,,,,,,,,,,,#DIV/0!,-35.4,,,
VIBDEN_88,2/13/19,3/1/19,35.4,1/21/19,2/19/19,,,,,,,,,,,,,,,,,#DIV/0!,-35.4,,,
VIBDEN_98,2/19/19,3/4/19,23,1/21/19,,,,,,,,,,,,,,,,,,#DIV/0!,-23,,,
VIBDEN_108,2/16/19,3/4/19,28.3,1/21/19,2/22/19,,,,,,,,,,,,,,,,,#DIV/0!,-28.3,,,
VIBDEN_118,2/6/19,2/22/19,23.4,1/21/19,,,,,,,,,,,,,,,,,,#DIV/0!,-23.4,,,
VIBDEN_128,2/16/19,2/27/19,25.4,1/21/19,2/22/19,,,,,,,,,,,,,,,,,#DIV/0!,-25.4,,,
VIBDEN_138,2/6/19,2/22/19,27.9,1/21/19,,,,,,,,,,,,,,,,,,#DIV/0!,-27.9,,,
VIBDEN_148,2/6/19,2/22/19,30,1/21/19,2/11/19,,,,,,,,,,,,,,,,,#DIV/0!,-30,,,
VIBDEN_158,2/19/19,3/6/19,34.8,1/21/19,,,,,,,,,,,,,,,,,,#DIV/0!,-34.8,,,
VIBDEN_168,2/13/19,3/4/19,29.1,1/21/19,2/19/19,3 Extra,,,,,,,,,,,,,,,,#DIV/0!,-29.1,,,